,C,C#,D,Eb,E,F,F#,G,Ab,A,Bb,B,,,,,,,,,,,,,aug,,,,,,,,,,,,,,,,,,,,,,
,1,2,3,4,5,6,7,8,9,10,11,12,Func,Chromatic Scale,Tension,A2,Count,Scale,Harm,,Rate,Scale,,scale chord,,,,,,,,,,,,,,,,,,,,,,,
C,1,,S,,3,A,,5,,S,,S,T,0,0,#N/A,5367,7,3,2,13.93%,0,0,0,1,C,C_7,Cm,D,Dm,Eb,E,Em,F,Fm,G,Gm,Ab,A,Am,Bb,B,Bm,Etc.,Total,,
C_2,1,,2,,3,A,,5,,S,,S,T,0,1,#N/A,175,7,4,2,0.45%,0,0,0,1,13974,277,28,353,4111,119,1668,2299,6670,237,7473,150,85,399,7112,299,101,60,-6816,38599,,
C_2_b6_s4,1,,2,,A,4,,S,6,,,S,T,1,3,Ab,0,7,4,3,0.00%,0,0,0,1,,,,,,,,,,,,,,,,,,,,,,
C_6,1,,S,,3,A,,5,,6,,S,T,0,1,#N/A,108,7,4,2,0.28%,0,0,0,1,30.77%,0.61%,0.06%,0.78%,9.05%,0.26%,3.67%,5.06%,14.69%,0.52%,16.45%,0.33%,0.19%,0.88%,15.66%,0.66%,0.22%,0.13%,-15.01%,,,
C_2_6,1,,2,,3,A,,5,,6,,S,T,0,2,#N/A,11,7,5,2,0.03%,0,0,0,1,,,,,,,,,,,,,,,,,,,,,,
C_s2,1,,2,,A,S,,5,,S,,S,T,0,1,#N/A,33,7,3,2,0.09%,0,0,0,1,,,,,,,,,,,,,,,,,,,,,,
C_s4,1,,S,,A,4,,5,,S,,S,T,0,1,#N/A,67,7,3,2,0.17%,0,0,0,1,»ç¿ë·ü,,,,,,,,,,,,,,,,,,,,,
C_v46,1,,S,,A,4,,S,,6,S,,2D,1,2,#N/A,0,7,3,2,0.00%,0,0,0,1,,,,,,,,,,,,,,,,,,,,,,
C_2_v46,1,,T,,A,4,,S,,6,S,,2D,1,3,#N/A,0,7,4,2,0.00%,0,0,0,1,,,,,,,,,,,,,,,,,,,,,,
C_2_s4,1,,2,,A,4,,5,,S,,S,T,0,2,#N/A,12,7,4,2,0.03%,0,0,0,1,31.45%,,,,,,,,,,,,,,,,,,,,,
C_aug,1,,S,,3,A,,,L,A,S,,T,2,1,F,14,7,2,3,0.04%,1,1,0,2,,,,,,,,,,,,,,,,,,,,,,
C_M7,1,,S,,3,A,,5,,S,,7,T,0,1,#N/A,599,7,4,2,1.55%,0,0,0,1,,,,,,,,,,,,,,,,,,,,,,
C_M9,1,,T,,3,A,,5,,S,,7,T,0,2,#N/A,174,7,5,2,0.45%,0,0,0,1,,,,,,,,,,,,,,,,,,,,,,
C_M#11,1,,S,,3,,T,5,,S,,7,mt,1,2,#N/A,0,7,5,2,0.00%,0,0,0,0,,,,,,,,,,,,,,,,,,,,,,
C_M13,1,,S,,3,A,,5,,T,,7,T,0,2,#N/A,7,7,5,2,0.02%,0,0,0,1,,,c/3,C/E,,,,,,,,,,,,,,,,,,
C_Ion,1,,T,,3,A,,5,,T,,7,T,0,3,#N/A,2,7,6,2,0.01%,0,0,1,1,,,,,,,,,,,,,,,,,,,,,,
C_M7_s2,1,,2,,A,S,,5,,S,,7,T,0,2,#N/A,31,7,4,2,0.08%,0,0,0,1,,,,,,,,,,,,,,,,,,,,,,
C_M#11_s2,1,,2,,A,,T,5,,S,,7,mt,1,3,#N/A,0,7,5,2,0.00%,0,0,0,1,,,,,,,,,,,,,,,,,,,,,,
C_M13_s2,1,,2,,A,S,,5,,T,,7,T,0,3,#N/A,0,7,5,2,0.00%,0,0,0,1,,,,,,,,,,,,,,,,,,,,,,
C_M7_s4,1,,S,,A,4,,5,,S,,7,T,0,2,#N/A,2,7,4,2,0.01%,0,0,0,1,,,,,,,,,,,,,,,,,,,,,,
C_M9_b6_s4,1,,T,,A,4,,S,6,,,7,T,1,4,Ab,1,7,5,3,0.00%,0,0,0,1,,,,,,,,,,,,,,,,,,,,,,
C_M9_s4,1,,T,,A,4,,5,,S,,7,T,0,3,#N/A,19,7,5,2,0.05%,0,0,0,1,,,,,,,,,,,,,,,,,,,,,,
C_M13_s4,1,,S,,A,4,,5,,T,,7,T,0,3,#N/A,0,7,5,2,0.00%,0,0,0,1,,,,,,,,,,,,,,,,,,,,,,
C_aug_M7,1,,S,,3,A,,,L,A,,7,at,1,2,F,4,7,3,3,0.01%,0,1,0,2,,,,,,,,,,,,,,,,,,,,,,
C_aug_M9,1,,T,,3,A,,,L,A,,7,at,1,3,F,0,7,4,3,0.00%,0,1,0,2,,,,,,,,,,,,,,,,,,,,,,
C_(#11),1,,S,,3,,S,5,,S,,S,mt,1,0,#N/A,1,7,3,2,0.00%,0,0,0,0,,,,,,,,,,,,,,,,,,,,,,
C_2_(#11),1,,2,,3,,S,5,,S,,S,mt,1,1,#N/A,0,7,4,2,0.00%,0,0,0,0,,,,,,,,,,,,,,,,,,,,,,
C_6_(#11),1,,S,,3,,S,5,,6,,S,mt,1,1,#N/A,1,7,4,2,0.00%,0,0,0,0,,,,,,,,,,,,,,,,,,,,,,
C_s2_(#11),1,,2,,A,,S,5,,S,,S,mt,1,1,#N/A,0,7,3,2,0.00%,0,0,0,1,,,,,,,,,,,,,,,,,,,,,,
C_aug_(#11),1,,S,,3,,S,,L,A,,S,mt,2,1,#N/A,0,7,2,2,0.00%,0,1,0,1,,,,,,,,,,,,,,,,,,,,,,
C_M7_(#11),1,,S,,3,,S,5,,S,,7,mt,1,1,#N/A,2,7,4,2,0.01%,0,0,0,0,,,,,,,,,,,,,,,,,,,,,,
C_M9_(#11),1,,T,,3,,S,5,,S,,7,mt,1,2,#N/A,0,7,5,2,0.00%,0,0,0,0,,,,,,,,,,,,,,,,,,,,,,
C_M13_(#11),1,,S,,3,,S,5,,T,,7,mt,1,2,#N/A,0,7,5,2,0.00%,0,0,0,0,,,,,,,,,,,,,,,,,,,,,,
C_M7_s2_(#11),1,,2,,A,,S,5,,S,,7,mt,1,2,#N/A,0,7,4,2,0.00%,0,0,0,1,,,,,,,,,,,,,,,,,,,,,,
C_M13_s2_(#11),1,,2,,A,,S,5,,T,,7,mt,1,3,#N/A,0,7,5,2,0.00%,0,0,0,1,,,,,,,,,,,,,,,,,,,,,,
C_aug_M7_(#11),1,,S,,3,,S,,L,A,,7,mt,2,2,#N/A,0,7,3,2,0.00%,0,1,0,1,,,,,,,,,,,,,,,,,,,,,,
C_aug_M9_(#11),1,,T,,3,,S,,L,A,,7,mt,2,3,#N/A,0,7,4,2,0.00%,0,1,0,1,,,,,,,,,,,,,,,,,,,,,,
C_aug_M#11,1,,S,,3,,T,,L,A,,7,mt,2,3,#N/A,0,7,4,2,0.00%,0,1,0,1,,,,,,,,,,,,,,,,,,,,,,
C_(7),1,,S,,3,A,,5,,S,S,,2D,1,0,#N/A,49,7,3,2,0.13%,0,0,0,1,,,,,,,,,,,,,,,,,,,,,,
C_6_(7),1,,S,,3,A,,5,,6,S,,2D,1,1,#N/A,1,7,4,2,0.00%,0,0,0,1,,,,,,,,,,,,,,,,,,,,,,
C_7,1,,S,,3,A,,5,,S,7,,2D,1,1,#N/A,171,7,4,2,0.44%,0,0,0,1,,,,,,,,,,,,,,,,,,,,,,
C_9,1,,T,,3,A,,5,,S,7,,2D,1,2,#N/A,18,7,5,2,0.05%,0,0,0,1,,,,,,,,,,,,,,,,,,,,,,
C_b9,1,T,,,3,A,,5,,S,7,,2D,2,2,C#,1,7,5,3,0.00%,0,0,0,1,,,,,,,,,,,,,,,,,,,,,,
C_#9,1,,S,T,3,A,,5,,S,7,,2D,2,2,#N/A,0,8,5,4,0.00%,2,0,0,1,,,,,,,,,,,,,,,,,,,,,,
C_b9_#9,1,T,,T,3,A,,5,,S,7,,2D,3,3,C#,0,8,6,4,0.00%,1,0,0,1,,,,,,,,,,,,,,,,,,,,,,
C_9_s4,1,,T,,A,4,,5,,S,7,,2D,1,3,#N/A,24,7,5,2,0.06%,0,0,0,1,,,,,,,,,,,,,,,,,,,,,,
C_#11,1,,S,,3,,T,5,,S,7,,2D,2,2,#N/A,0,7,5,2,0.00%,0,0,0,0,,,,,,,,,,,,,,,,,,,,,,
C_13,1,,S,,3,A,,5,,T,7,,2D,1,2,#N/A,2,7,5,2,0.01%,0,0,0,1,,,,,,,,,,,,,,,,,,,,,,
C_b13,1,,S,,3,A,,5,T,,7,,2D,2,2,#N/A,0,7,5,2,0.00%,0,0,0,1,,,,,,,,,,,,,,,,,,,,,,
C_Mix,1,,T,,3,A,,5,,T,7,,2D,1,3,#N/A,0,7,6,2,0.00%,0,0,1,1,,,,,,,,,,,,,,,,,,,,,,
C_Pen,1,,T,,3,A,,5,,T,S,,3D,1,2,#N/A,1,7,5,2,0.00%,0,0,0,1,,,,,,,,,,,,,,,,,,,,,,
C_Pen_s4,1,,T,,A,4,,5,,T,S,,4D,1,3,#N/A,2,7,5,2,0.01%,0,0,0,1,,,,,,,,,,,,,,,,,,,,,,
C_Hmp5,1,T,,,3,A,,5,T,,7,,2D,3,3,C#,0,7,6,3,0.00%,0,0,1,1,,,,,,,,,,,,,,,,,,,,,,
C_Alt,1,T,,T,3,,T,S,T,,7,,m2d,5,5,E,0,8,7,4,0.00%,1,0,1,0,,,,,,,,,,,,,,,,,,,,,,
C_L7,1,,T,,3,,T,5,,T,7,,m2d,2,4,#N/A,0,7,7,2,0.00%,0,0,1,0,,,,,,,,,,,,,,,,,,,,,,
C_CD,1,T,,T,3,,T,5,,T,7,,m2d,4,5,#N/A,0,8,8,4,0.00%,0,0,1,0,,,,,,,,,,,,,,,,,,,,,,
C_WT,1,,T,,3,,T,5,T,,7,,m2d,3,4,#N/A,0,7,7,2,0.00%,1,0,1,0,,,,,,,,,,,,,,,,,,,,,,
C_7_s2,1,,2,,A,S,,5,,S,7,,2D,1,2,#N/A,1,7,4,2,0.00%,0,0,0,1,,,,,,,,,,,,,,,,,,,,,,
C_7_s4,1,,S,,A,4,,5,,S,7,,2D,1,2,#N/A,4,7,4,2,0.01%,0,0,0,1,,,,,,,,,,,,,,,,,,,,,,
C_b9_s4,1,T,,,A,4,,5,,S,7,,2D,2,3,C#,0,7,5,3,0.00%,0,0,0,1,,,,,,,,,,,,,,,,,,,,,,
C_#9_s4,1,,S,T,A,4,,5,,S,7,,m2d,2,3,#N/A,0,8,5,4,0.00%,2,0,0,1,,,,,,,,,,,,,,,,,,,,,,
C_b9_#9_s4,1,T,,T,A,4,,5,,S,7,,2D,3,4,C#,0,8,6,4,0.00%,1,0,0,1,,,,,,,,,,,,,,,,,,,,,,
,1,,S,,A,4,,5,,T,7,,2D,1,3,#N/A,0,7,5,2,0.00%,0,0,0,1,,,,,,,,,,,,,,,,,,,,,,
C_b13_s4,1,,S,,A,4,,5,T,,7,,m2d,2,3,#N/A,0,7,5,2,0.00%,0,0,0,1,,,,,,,,,,,,,,,,,,,,,,
C_Mix_s4,1,,T,,A,4,,5,,T,7,,2D,1,4,#N/A,1,7,6,2,0.00%,0,0,1,1,,,,,,,,,,,,,,,,,,,,,,
C_Hmp5_s4 ,1,T,,,A,4,,5,T,,7,,m2d,3,4,C#,0,7,6,3,0.00%,0,0,1,1,,,,,,,,,,,,,,,,,,,,,,
C_aug_7,1,,S,,3,A,,,L,A,7,,2ad,2,2,F,2,7,3,3,0.01%,1,1,0,2,,,,,,,,,,,,,,,,,,,,,,
C_aug_9,1,,T,,3,A,,,L,A,7,,2ad,2,3,F,0,7,4,3,0.00%,1,1,0,2,,,,,,,,,,,,,,,,,,,,,,
C_(b9),1,S,,,3,A,,5,S,,S,,2d,3,0,C#,0,7,3,3,0.00%,0,0,0,1,,,,,,,,,,,,,,,,,,,,,,
C_s4_(b9),1,S,,,A,4,,5,S,,S,,2d,3,1,C#,0,7,3,3,0.00%,0,0,0,1,,,,,,,,,,,,,,,,,,,,,,
C_v4b6_(b9),1,S,,,A,4,,S,6,,S,,2d,3,2,C#,0,7,3,3,0.00%,0,0,0,1,,,,,,,,,,,,,,,,,,,,,,
C_6_(b9),1,S,,,3,A,,5,6,,S,,2d,3,1,C#,0,7,4,3,0.00%,0,0,0,1,,,,,,,,,,,,,,,,,,,,,,
C_7_(b9),1,S,,,3,A,,5,S,,7,,2d,3,1,C#,0,7,4,3,0.00%,0,0,0,1,,,,,,,,,,,,,,,,,,,,,,
C_#9_(b9),1,S,,T,3,A,,5,S,,7,,m2d,4,2,C#,0,8,5,4,0.00%,1,0,0,1,,,,,,,,,,,,,,,,,,,,,,
C_#11_(b9),1,S,,,3,,T,5,S,,7,,2d,4,2,#N/A,0,7,5,3,0.00%,1,0,0,0,,,,,,,,,,,,,,,,,,,,,,
C_13_(b9),1,S,,,3,A,,5,,T,7,,m2d,2,2,C#,0,7,5,3,0.00%,0,0,0,1,,,,,,,,,,,,,,,,,,,,,,
C_b13_(b9),1,S,,,3,A,,5,T,,7,,2d,3,2,C#,0,7,5,3,0.00%,0,0,0,1,,,,,,,,,,,,,,,,,,,,,,
C_#9_b13_(b9),1,S,,T,3,,,5,T,,7,,m2d,4,3,E,0,7,6,3,0.00%,0,0,0,0,,,,,,,,,,,,,,,,,,,,,,
C_7_s4_(b9),1,S,,,A,4,,5,S,,7,,2d,3,2,C#,0,7,4,3,0.00%,0,0,0,1,,,,,,,,,,,,,,,,,,,,,,
C_#9_s4_(b9),1,S,,T,A,4,,5,S,,7,,m2d,4,3,C#,0,8,5,4,0.00%,1,0,0,1,,,,,,,,,,,,,,,,,,,,,,
C_13_s4_(b9),1,S,,,A,4,,5,,T,7,,m2d,2,3,C#,0,7,5,3,0.00%,0,0,0,1,,,,,,,,,,,,,,,,,,,,,,
C_b13_s4_(b9),1,S,,,A,4,,5,T,,7,,2d,3,3,C#,0,7,5,3,0.00%,0,0,0,1,,,,,,,,,,,,,,,,,,,,,,
Cm,1,,S,3,,S,,5,,S,,S,MT,1,0,#N/A,3,7,3,2,0.01%,0,0,0,0,,,,,,,,,,,,,,,,,,,,,,
Cm_2,1,,2,3,,S,,5,,S,,S,MT,1,1,#N/A,0,7,4,2,0.00%,0,0,0,0,,,,,,,,,,,,,,,,,,,,,,
Cm_4,1,,S,3,,4,,5,,S,,S,MT,1,1,#N/A,0,7,4,2,0.00%,0,0,0,0,,,,,,,,,,,,,,,,,,,,,,
Cm_6,1,,S,3,,S,,5,,6,,S,MT,1,1,#N/A,6,7,4,2,0.02%,0,0,0,0,,,,,,,,,,,,,,,,,,,,,,
Cm_s2,1,,2,A,,S,,5,,S,,S,MT,1,1,#N/A,0,7,3,2,0.00%,0,0,0,1,,,,,,,,,,,,,,,,,,,,,,
Cm_s4,1,,S,A,,4,,5,,S,,S,MT,1,1,#N/A,0,7,3,2,0.00%,0,0,0,1,,,,,,,,,,,,,,,,,,,,,,
Cm_M7,1,,S,3,,S,,5,,S,,7,MT,1,1,#N/A,3,7,4,2,0.01%,0,0,0,0,,,,,,,,,,,,,,,,,,,,,,
Cm_M9,1,,T,3,,S,,5,,S,,7,MT,1,2,#N/A,0,7,5,2,0.00%,0,0,0,0,,,,,,,,,,,,,,,,,,,,,,
Cm_M11,1,,S,3,,T,,5,,S,,7,MT,1,2,#N/A,0,7,5,2,0.00%,0,0,0,0,,,,,,,,,,,,,,,,,,,,,,
Cm_M7_s2,1,,2,A,,S,,5,,S,,7,MT,1,2,#N/A,0,7,4,2,0.00%,0,0,0,1,,,,,,,,,,,,,,,,,,,,,,
Cm_M11_s2,1,,2,A,,T,,5,,S,,7,MT,1,3,#N/A,0,7,5,2,0.00%,0,0,0,1,,,,,,,,,,,,,,,,,,,,,,
Cm_M7_s4,1,,S,A,,4,,5,,S,,7,MT,1,2,#N/A,0,7,4,2,0.00%,0,0,0,1,,,,,,,,,,,,,,,,,,,,,,
Cm_M9_s4,1,,T,A,,4,,5,,S,,7,MT,1,3,#N/A,0,7,5,2,0.00%,0,0,0,1,,,,,,,,,,,,,,,,,,,,,,
Cm_(hm),1,,S,3,,S,,5,A,,,S,MT,2,0,Ab,0,7,3,3,0.00%,0,0,0,1,,,,,,,,,,,,,,,,,,,,,,
Cm_2_(hm),1,,2,3,,S,,5,A,,,S,MT,2,1,Ab,0,7,4,3,0.00%,0,0,0,1,,,,,,,,,,,,,,,,,,,,,,
Cm_4_(hm),1,,S,3,,4,,5,A,,,S,MT,2,1,Ab,0,7,4,3,0.00%,0,0,0,1,,,,,,,,,,,,,,,,,,,,,,
Cm_s2_(hm),1,,2,S,,S,,5,A,,,S,MT,2,1,Ab,0,7,3,3,0.00%,0,0,0,1,,,,,,,,,,,,,,,,,,,,,,
Cm_s4_(hm),1,,S,S,,4,,5,A,,,S,MT,2,1,Ab,0,7,3,3,0.00%,0,0,0,1,,,,,,,,,,,,,,,,,,,,,,
Cm_M7_(hm),1,,S,3,,S,,5,A,,,7,MT,2,1,Ab,0,7,4,3,0.00%,0,0,0,1,,,,,,,,,,,,,,,,,,,,,,
Cm_M9_(hm),1,,T,3,,S,,5,A,,,7,MT,2,2,Ab,0,7,5,3,0.00%,0,0,0,1,,,,,,,,,,,,,,,,,,,,,,
Cm_M11_(hm),1,,S,3,,T,,5,A,,,7,MT,2,2,Ab,0,7,5,3,0.00%,0,0,0,1,,,,,,,,,,,,,,,,,,,,,,
Cm_M7_s2_(hm),1,,2,S,,S,,5,A,,,7,MT,2,2,Ab,0,7,4,3,0.00%,0,0,0,1,,,,,,,,,,,,,,,,,,,,,,
Cm_M11_s2_(hm),1,,2,S,,T,,5,A,,,7,MT,2,3,Ab,0,7,5,3,0.00%,0,0,0,1,,,,,,,,,,,,,,,,,,,,,,
Cm_M7_s4_(hm),1,,S,S,,4,,5,A,,,7,MT,2,2,Ab,0,7,4,3,0.00%,0,0,0,1,,,,,,,,,,,,,,,,,,,,,,
Cm_M9_s4_(hm),1,,T,S,,4,,5,A,,,7,MT,2,3,Ab,0,7,5,3,0.00%,0,0,0,1,,,,,,,,,,,,,,,,,,,,,,
Cm_(b6),1,,S,3,,S,,5,A,,S,,tp,3,0,#N/A,0,7,3,2,0.00%,0,0,0,1,,,,1,,S,3,,S,,5,A,,S,,,,,,,,
Cm_2_(b6),1,,2,3,,S,,5,A,,S,,tp,3,1,#N/A,0,7,4,2,0.00%,0,0,0,1,,,,1,,2,3,,S,,5,A,,S,,,,,,,,
Cm_4_(b6),1,,S,3,,4,,5,A,,S,,tp,3,1,#N/A,0,7,4,2,0.00%,0,0,0,1,,,,1,,S,3,,4,,5,A,,S,,,,,,,,
Cm_6_(7),1,,S,3,,S,,5,,6,S,,tp,2,1,#N/A,0,7,4,2,0.00%,0,0,0,0,,,,1,,S,3,,S,,5,,6,S,,,,,,,,
Cm_s2_(b6),1,,2,S,,S,,5,A,,S,,tp,3,1,#N/A,0,7,3,2,0.00%,0,0,0,1,,,,1,,2,S,,S,,5,A,,S,,,,,,,,
Cm_2_s4_(b6),1,,2,S,,4,,5,A,,S,,tp,3,2,#N/A,0,7,4,2,0.00%,0,0,0,1,,,,1,,2,S,,4,,5,A,,S,,,,,,,,
Cm_s4_(b6),1,,S,S,,4,,5,A,,S,,tp,3,1,#N/A,2,7,3,2,0.01%,0,0,0,1,,,,1,,S,S,,4,,5,A,,S,,,,,,,,
Cm_7_(b6),1,,S,3,,S,,5,A,,7,,tp,3,1,#N/A,0,7,4,2,0.00%,0,0,0,1,,,,1,,S,3,,S,,5,A,,7,,,,,,,,
Cm_9_(b6),1,,T,3,,S,,5,A,,7,,tp,3,2,#N/A,0,7,5,2,0.00%,0,0,0,1,,,,1,,T,3,,S,,5,A,,7,,,,,,,,
Cm_11_(b6),1,,S,3,,T,,5,A,,7,,tp,3,2,#N/A,0,7,5,2,0.00%,0,0,0,1,,,,1,,S,3,,T,,5,A,,7,,,,,,,,
Cm_13,1,,S,3,,S,,5,,T,7,,mtp,2,2,#N/A,0,7,5,2,0.00%,0,0,0,0,,,,1,,S,3,,S,,5,,T,7,,,,,,,,
Cm_Aeo,1,,T,3,,T,,5,A,,7,,tp,3,3,#N/A,0,7,6,2,0.00%,0,0,0,1,,,,1,,T,3,,T,,5,A,,7,,,,,,,,
Cm_7_s2,1,,2,S,,S,,5,A,,7,,tp,3,2,#N/A,2,7,4,2,0.01%,0,0,0,1,,,,1,,2,S,,S,,5,A,,7,,,,,,,,
Cm_11_s2,1,,2,S,,T,,5,A,,7,,tp,3,3,#N/A,0,7,5,2,0.00%,0,0,0,1,,,,1,,2,S,,T,,5,A,,7,,,,,,,,
Cm_7_s4,1,,S,S,,4,,5,A,,7,,tp,3,2,#N/A,0,7,4,2,0.00%,0,0,0,1,,,,1,,S,S,,4,,5,A,,7,,,,,,,,
Cm_9_s4,1,,T,S,,4,,5,A,,7,,tp,3,3,#N/A,0,7,5,2,0.00%,0,0,0,1,,,,1,,T,S,,4,,5,A,,7,,,,,,,,
Cm_(7),1,,S,3,,S,,5,,S,S,,MT,2,0,#N/A,0,7,3,2,0.00%,0,0,0,0,,,,,,,,,,,,,,,,,,,,,,
Cm_2_(7),1,,2,3,,S,,5,,A,S,,sp,2,1,#N/A,0,7,4,2,0.00%,0,0,0,1,,S,,,,,,,,,,,,,,,,,,,,
Cm_4_(7),1,,S,3,,4,,5,,A,S,,sp,2,1,#N/A,0,7,4,2,0.00%,0,0,0,1,,S,,,,,,,,,,,,,,,,,,,,
Cm_s2_(7),1,,2,S,,S,,5,,A,S,,sp,2,1,#N/A,0,7,3,2,0.00%,0,0,0,1,,S,,,,,,,,,,,,,,,,,,,,
Cm_s4_(7),1,,S,S,,4,,5,,A,S,,sp,2,1,#N/A,0,7,3,2,0.00%,0,0,0,1,,S,,,,,,,,,,,,,,,,,,,,
Cm_2_s4_(7),1,,T,S,,4,,5,,A,S,,sp,2,2,#N/A,0,7,4,2,0.00%,0,0,0,1,,S,,,,,,,,,,,,,,,,,,,,
Cm_aug_(7),1,,S,3,,S,,,L,A,S,,asp,3,1,#N/A,0,7,2,3,0.00%,1,1,0,1,,S,,,,,,,,,,,,,,,,,,,,
Cm_7,1,,S,3,,S,,5,,A,7,,sp,2,1,#N/A,10,7,4,2,0.03%,0,0,0,1,,7,,,,,,,,,,,,,,,,,,,,
Cm_9,1,,T,3,,S,,5,,A,7,,sp,2,2,#N/A,0,7,5,2,0.00%,0,0,0,1,,7,,,,,,,,,,,,,,,,,,,,
Cm_11,1,,S,3,,T,,5,,A,7,,sp,2,2,#N/A,0,7,5,2,0.00%,0,0,0,1,,7,,,,,,,,,,,,,,,,,,,,
Cm_13,1,,S,3,,S,,5,,T,7,,sp,2,2,#N/A,0,7,5,2,0.00%,0,0,0,0,,7,,,,,,,,,,,,,,,,,,,,
Cm_7_s2,1,,T,2,,S,,5,,A,7,,sp,2,3,#N/A,2,7,5,2,0.01%,0,0,0,1,,7,,,,,,,,,,,,,,,,,,,,
Cm_11_s2,1,,T,2,,T,,5,,A,7,,sp,2,4,#N/A,0,7,6,2,0.00%,0,0,0,1,,7,,,,,,,,,,,,,,,,,,,,
Cm_7_s4,1,,S,S,,4,,5,,A,7,,sp,2,2,#N/A,0,7,4,2,0.00%,0,0,0,1,,7,,,,,,,,,,,,,,,,,,,,
Cm_9_s4,1,,T,S,,4,,5,,A,7,,sp,2,3,#N/A,0,7,5,2,0.00%,0,0,0,1,,7,,,,,,,,,,,,,,,,,,,,
Cm_aug_7,1,,S,3,,S,,,L,A,7,,asp,3,2,#N/A,0,7,3,3,0.00%,1,1,0,1,,7,,,,,,,,,,,,,,,,,,,,
Cm_aug_9,1,,T,3,,S,,,L,A,7,,asp,3,3,#N/A,0,7,4,3,0.00%,1,1,0,1,,7,,,,,,,,,,,,,,,,,,,,
Cm_aug_11,1,,S,3,,T,,,L,A,7,,asp,3,3,#N/A,0,7,4,3,0.00%,1,1,0,1,,7,,,,,,,,,,,,,,,,,,,,
Cm_(dor),1,,S,3,,S,,5,,S,1,,MT,2,0,#N/A,0,7,4,2,0.00%,0,0,0,0,,1,,,,,,,,,,,,,,,,,,,,
Cm_(phr),1,A,,3,,S,,5,S,,S,,pd,4,0,#N/A,0,7,3,2,0.00%,0,0,0,1,,,,,,,,,,,,,,,,,,,,,,
Cm_4_(phr),1,A,,3,,4,,5,S,,S,,pd,4,1,#N/A,0,7,4,2,0.00%,0,0,0,1,,,,,,,,,,,,,,,,,,,,,,
Cm_s4_(phr),1,A,,S,,4,,5,S,,S,,pd,4,1,#N/A,0,7,3,2,0.00%,0,0,0,1,,,,,,,,,,,,,,,,,,,,,,
Cm_7_(phr),1,A,,3,,S,,5,S,,7,,pd,4,1,#N/A,0,7,4,2,0.00%,0,0,0,1,,,,,,,,,,,,,,,,,,,,,,
Cm_11_(phr),1,A,,3,,T,,5,S,,7,,pd,4,2,#N/A,0,7,5,2,0.00%,0,0,0,1,,,,,,,,,,,,,,,,,,,,,,
Cm_b13_(phr),1,A,,3,,S,,5,T,,7,,pd,4,2,#N/A,0,7,5,2,0.00%,0,0,0,1,,,,,,,,,,,,,,,,,,,,,,
Cm_7_s4_(phr),1,A,,S,,4,,5,S,,7,,pd,4,2,#N/A,0,7,4,2,0.00%,0,0,0,1,,,,,,,,,,,,,,,,,,,,,,
C#hdim,,1,A,,3,,S,5,,S,,7,l,2,1,#N/A,0,7,4,2,0.00%,0,0,0,1,,,,,,,,,,,,,,,,,,,,,,
C#hdim_s4,,1,A,,S,,4,5,,S,,7,l,2,2,#N/A,0,7,4,2,0.00%,0,0,0,1,,,,,,,,,,,,,,,,,,,,,,
C#hdim_(6),,1,S,,3,,S,5,,,A,7,2s,3,1,G,0,7,4,3,0.00%,0,0,0,1,,,,,,,,,,,,,,,,,,,,,,
C#m_b9_b5,,1,T,,3,,S,5,,,A,7,l,3,2,G,0,7,5,3,0.00%,0,0,0,1,,,,,,,,,,,,,,,,,,,,,,
C#dim,,1,A,,3,S,,5,,S,7,,2l,2,1,Bb,14,7,4,3,0.04%,0,0,0,1,,,,,,,,,,,,,,,,,,,,,,
Db,S,1,,S,,3,,S,5,,S,,2S,4,0,#N/A,1,7,3,2,0.00%,0,0,0,0,,,,,,,,,,,,,,,,,,,,,,
Db_2,S,1,,2,,3,,S,5,,S,,2S,4,1,#N/A,0,7,4,2,0.00%,0,0,0,0,,,,,,,,,,,,,,,,,,,,,,
Db_#4,S,1,,2,,3,,4,5,,S,,2S,4,2,#N/A,0,7,5,2,0.00%,0,0,0,0,,,,,,,,,,,,,,,,,,,,,,
Db_6,S,1,,S,,3,,S,5,,6,,2S,4,1,#N/A,0,7,4,2,0.00%,0,0,0,0,,,,,,,,,,,,,,,,,,,,,,
Db_2_6,S,1,,2,,3,,S,5,,6,,2S,4,2,#N/A,0,7,5,2,0.00%,0,0,0,0,,,,,,,,,,,,,,,,,,,,,,
Db_s6,S,1,,S,,3,,S,S,,6,,2S,4,1,#N/A,0,7,3,2,0.00%,0,0,0,0,,,,,,,,,,,,,,,,,,,,,,
Db_s2,S,1,,2,,A,,S,5,,S,,2S,4,1,#N/A,0,7,3,2,0.00%,0,0,0,1,,,,,,,,,,,,,,,,,,,,,,
Db_6_s2,S,1,,2,,A,,S,5,,6,,2S,4,2,#N/A,0,7,4,2,0.00%,0,0,0,1,,,,,,,,,,,,,,,,,,,,,,
Db_6_s#4,S,1,,S,,A,,4,5,,6,,2S,4,2,#N/A,0,7,4,2,0.00%,0,0,0,1,,,,,,,,,,,,,,,,,,,,,,
Db_s#4,S,1,,S,,A,,4,5,,S,,2S,4,1,#N/A,0,7,3,2,0.00%,0,0,0,1,,,,,,,,,,,,,,,,,,,,,,
Db_aug,S,1,,S,,3,,S,,L,A,,2S,3,1,#N/A,0,7,2,2,0.00%,0,1,0,1,,,,,,,,,,,,,,,,,,,,,,
Db_M7,7,1,,S,,3,,S,5,,S,,2S,4,1,#N/A,7,7,4,2,0.02%,0,0,0,0,,,,,,,,,,,,,,,,,,,,,,
Db_M9,7,1,,T,,3,,S,5,,S,,2S,4,2,#N/A,0,7,5,2,0.00%,0,0,0,0,,,,,,,,,,,,,,,,,,,,,,
Db_M#11,7,1,,S,,3,,T,5,,S,,2S,4,2,#N/A,0,7,5,2,0.00%,0,0,0,0,,,,,,,,,,,,,,,,,,,,,,
Db_M13,7,1,,S,,3,,S,5,,T,,2S,4,2,#N/A,0,7,5,2,0.00%,0,0,0,0,,,,,,,,,,,,,,,,,,,,,,
Db_M9_#11,7,1,,T,,3,,T,5,,S,,2S,4,3,#N/A,0,7,6,2,0.00%,0,0,0,0,,,,,,,,,,,,,,,,,,,,,,
Db_M#11_13,7,1,,S,,3,,T,5,,T,,2S,4,3,#N/A,0,7,6,2,0.00%,0,0,0,0,,,,,,,,,,,,,,,,,,,,,,
Db_M7_s2,7,1,,2,,A,,S,5,,S,,2S,4,2,#N/A,0,7,4,2,0.00%,0,0,0,1,,,,,,,,,,,,,,,,,,,,,,
Db_M#11_s2,7,1,,2,,A,,T,5,,S,,2S,4,3,#N/A,0,7,5,2,0.00%,0,0,0,1,,,,,,,,,,,,,,,,,,,,,,
Db_M13_s2,7,1,,2,,A,,S,5,,T,,2S,4,3,#N/A,0,7,5,2,0.00%,0,0,0,1,,,,,,,,,,,,,,,,,,,,,,
Db_M7_s#4,7,1,,S,,A,,4,5,,S,,2S,4,2,#N/A,0,7,4,2,0.00%,0,0,0,1,,,,,,,,,,,,,,,,,,,,,,
Db_M9_s#4,7,1,,T,,A,,4,5,,S,,2S,4,3,#N/A,0,7,5,2,0.00%,0,0,0,1,,,,,,,,,,,,,,,,,,,,,,
Db_M13_s#4,7,1,,S,,A,,4,5,,T,,2S,4,3,#N/A,0,7,5,2,0.00%,0,0,0,1,,,,,,,,,,,,,,,,,,,,,,
Db_Pen,S,1,,T,,3,,S,5,,T,,2S,4,2,#N/A,0,7,5,2,0.00%,0,0,0,0,,,,,,,,,,,,,,,,,,,,,,
Db_aug_M7,7,1,,S,,3,,S,,L,A,,2S,3,2,#N/A,0,7,3,2,0.00%,0,1,0,1,,,,,,,,,,,,,,,,,,,,,,
Db_aug_M9,7,1,,T,,3,,S,,L,A,,2S,3,3,#N/A,0,7,4,2,0.00%,0,1,0,1,,,,,,,,,,,,,,,,,,,,,,
Db_Gr,A,1,,S,,3,,S,5,,,L,6,3,1,Ab,1,7,3,3,0.00%,1,0,0,1,,,,,,,,,,,,,,,,,,,,,,
Db_Gr_9,A,1,,T,,3,,S,5,,,L,6,3,2,Ab,1,7,4,3,0.00%,1,0,0,1,,,,,,,,,,,,,,,,,,,,,,
Db_Gr_#11,A,1,,S,,3,,T,5,,,L,6,3,2,Ab,0,7,4,3,0.00%,1,0,0,1,,,,,,,,,,,,,,,,,,,,,,
Db_Gr_13,,1,,S,,3,,T,5,,T,L,6,4,3,#N/A,0,7,5,2,0.00%,0,0,0,0,,,,,,,,,,,,,,,,,,,,,,
Db_Fr,A,1,,S,,3,,5,S,,,L,6,3,1,Ab,0,7,3,3,0.00%,1,0,0,1,,,,,,,,,,,,,,,,,,,,,,
D,S,,1,,S,,3,A,,5,,S,2D,1,0,#N/A,86,7,3,2,0.22%,0,0,0,1,,,,,,,,,,,,,,,,,,,,,,
D_2,S,,1,,2,,3,A,,5,,S,2D,1,1,#N/A,0,7,4,2,0.00%,0,0,0,1,,,,,,,,,,,,,,,,,,,,,,
D_s4,S,,1,,S,,A,4,,5,,S,2D,1,1,#N/A,10,7,3,2,0.03%,0,0,0,1,,,,,,,,,,,,,,,,,,,,,,
D_v46,S,,1,,S,,A,4,,S,,6,2D,1,2,#N/A,7,7,3,2,0.02%,0,0,0,1,,,,,,,,,,,,,,,,,,,,,,
D_2_v46,S,,1,,T,,A,4,,S,,6,2D,1,3,#N/A,1,7,4,2,0.00%,0,0,0,1,,,,,,,,,,,,,,,,,,,,,,
D_6,S,,1,,S,,3,A,,5,,6,2D,1,1,#N/A,1,7,4,2,0.00%,0,0,0,1,,,,,,,,,,,,,,,,,,,,,,
D_7,7,,1,,S,,3,A,,5,,S,2D,1,1,#N/A,181,7,4,2,0.47%,0,0,0,1,,,,,,,,,,,,,,,,,,,,,,
D_M7,,7,1,,S,,3,A,,5,,S,2D,2,1,#N/A,1,7,4,2,0.00%,0,0,0,1,,,,,,,,,,,,,,,,,,,,,,
D_M9,,7,1,,T,,3,A,,5,,S,2D,2,2,#N/A,4,7,5,2,0.01%,0,0,0,1,,,,,,,,,,,,,,,,,,,,,,
D_9,7,,1,,T,,3,A,,5,,S,2D,1,2,#N/A,28,7,5,2,0.07%,0,0,0,1,,,,,,,,,,,,,,,,,,,,,,
D_b9,7,,1,T,,,3,A,,5,,S,m2d,2,2,Eb,0,7,5,3,0.00%,0,0,0,1,,,,,,,,,,,,,,,,,,,,,,
D_#9,7,,1,S,,T,3,A,,5,,S,m2d,2,2,Eb,0,8,5,4,0.00%,1,0,0,1,,,,,,,,,,,,,,,,,,,,,,
D_b9,7,,1,T,,T,3,A,,5,,S,m2d,2,3,Eb,0,8,6,4,0.00%,1,0,0,1,,,,,,,,,,,,,,,,,,,,,,
D_b9_#9,7,,1,T,,T,3,A,,5,,S,m2d,2,3,Eb,0,8,6,4,0.00%,1,0,0,1,,,,,,,,,,,,,,,,,,,,,,
D_9_s4,T,,1,,T,,A,4,,5,,S,m2d,1,3,#N/A,6,7,5,2,0.02%,0,0,0,1,,,,,,,,,,,,,,,,,,,,,,
D_#11,7,,1,,S,,3,,T,5,,S,m2d,2,2,#N/A,1,7,5,2,0.00%,0,0,0,0,,,,,,,,,,,,,,,,,,,,,,
D_13,7,,1,,S,,3,A,,5,,T,2D,1,2,#N/A,0,7,5,2,0.00%,0,0,0,1,,,,,,,,,,,,,,,,,,,,,,
D_b13,7,,1,,S,,3,A,,5,T,,m2d,2,2,#N/A,0,7,5,2,0.00%,0,0,0,1,,,,,,,,,,,,,,,,,,,,,,
D_aug,S,,1,,S,,3,A,,,L,A,T,2,1,G,0,7,2,3,0.00%,1,1,0,2,,S,,1,,S,,3,A,,,L,A,,,,,,,,,
D_Mix,7,,1,,T,,3,A,,5,,T,2D,1,3,#N/A,3,7,6,2,0.01%,0,0,1,1,,,,,,,,,,,,,,,,,,,,,,
D_Pen,S,,1,,T,,3,A,,5,,T,2D,1,2,#N/A,12,7,5,2,0.03%,0,0,0,1,,,,,,,,,,,,,,,,,,,,,,
D_Hmp5,7,,1,T,,,3,A,,5,T,,m2d,3,3,Eb,0,7,6,3,0.00%,0,0,1,1,,,,,,,,,,,,,,,,,,,,,,
D_Alt,7,,1,T,,T,3,,T,S,T,,m2d,4,5,F#,0,8,7,4,0.00%,1,0,1,0,,,,,,,,,,,,,,,,,,,,,,
D_L7,7,,1,,T,,3,,T,5,,T,m2d,2,4,#N/A,0,7,7,2,0.00%,0,0,1,0,,,,,,,,,,,,,,,,,,,,,,
D_CD,7,,1,T,,T,3,,T,5,,T,m2d,3,5,#N/A,0,8,8,4,0.00%,0,0,1,0,,,,,,,,,,,,,,,,,,,,,,
D_WT,7,,1,,T,,3,,T,S,T,,m2d,3,4,#N/A,0,7,6,2,0.00%,1,0,1,0,,,,,,,,,,,,,,,,,,,,,,
D_7_s2,7,,1,,2,,A,S,,5,,S,2D,1,2,#N/A,2,7,4,2,0.01%,0,0,0,1,,,,,,,,,,,,,,,,,,,,,,
D_7_s4,7,,1,,S,,A,4,,5,,S,2D,1,2,#N/A,5,7,4,2,0.01%,0,0,0,1,,,,,,,,,,,,,,,,,,,,,,
D_b9_s4,7,,1,T,,,A,4,,5,,S,2D,2,3,Eb,0,7,5,3,0.00%,0,0,0,1,,,,,,,,,,,,,,,,,,,,,,
D_#9_s4,7,,1,S,,T,A,4,,5,,S,2D,2,3,Eb,0,8,5,4,0.00%,1,0,0,1,,,,,,,,,,,,,,,,,,,,,,
D_b9_#9_s4,7,,1,T,,T,A,4,,5,,S,2D,2,4,Eb,0,8,6,4,0.00%,1,0,0,1,,,,,,,,,,,,,,,,,,,,,,
D_13_s4,7,,1,,S,,A,4,,5,,T,2D,1,3,#N/A,0,7,5,2,0.00%,0,0,0,1,,,,,,,,,,,,,,,,,,,,,,
D_b13_s4,7,,1,,S,,A,4,,5,T,,2D,2,3,#N/A,0,7,5,2,0.00%,0,0,0,1,,,,,,,,,,,,,,,,,,,,,,
D_Mix_s4,7,,1,,T,,A,4,,5,,T,2D,1,4,#N/A,0,7,6,2,0.00%,0,0,1,1,,,,,,,,,,,,,,,,,,,,,,
D_Hmp5_s4 ,7,,1,T,,,A,4,,5,T,,2D,3,4,Eb,0,7,6,3,0.00%,0,0,1,1,,,,,,,,,,,,,,,,,,,,,,
D_aug_7,7,,1,,S,,3,A,,,L,A,2ad,2,2,G,0,7,3,3,0.00%,1,1,0,2,,,,,,,,,,,,,,,,,,,,,,
D_aug_9,7,,1,,T,,3,A,,,L,A,2ad,2,3,G,0,7,4,3,0.00%,1,1,0,2,,,,,,,,,,,,,,,,,,,,,,
D_(M7),,S,1,,S,,3,A,,5,,S,T,2,0,#N/A,0,7,3,2,0.00%,0,0,0,1,,,,,,,,,,,,,,,,,,,,,,
D_2_(M7),,S,1,,2,,3,A,,5,,S,T,2,1,#N/A,0,7,4,2,0.00%,0,0,0,1,,,,,,,,,,,,,,,,,,,,,,
D_2_b6_s4_(M7),,S,1,,2,,A,4,,S,6,,T,3,3,Bb,0,7,4,3,0.00%,0,0,0,1,,,,,,,,,,,,,,,,,,,,,,
D_6_(M7),,S,1,,S,,3,A,,5,,6,T,2,1,#N/A,0,7,4,2,0.00%,0,0,0,1,,,,,,,,,,,,,,,,,,,,,,
D_2_6_(M7),,S,1,,2,,3,A,,5,,6,T,2,2,#N/A,0,7,5,2,0.00%,0,0,0,1,,,,,,,,,,,,,,,,,,,,,,
D_s2_(M7),,S,1,,2,,A,S,,5,,S,T,2,1,#N/A,0,7,3,2,0.00%,0,0,0,1,,,,,,,,,,,,,,,,,,,,,,
D_s4_(M7),,S,1,,S,,A,4,,5,,S,T,2,1,#N/A,0,7,3,2,0.00%,0,0,0,1,,,,,,,,,,,,,,,,,,,,,,
D_2_s4_(M7),,S,1,,2,,A,4,,5,,S,T,2,2,#N/A,0,7,4,2,0.00%,0,0,0,1,,,,,,,,,,,,,,,,,,,,,,
D_M7,,7,1,,S,,3,A,,5,,S,T,2,1,#N/A,1,7,4,2,0.00%,0,0,0,1,,,,,,,,,,,,,,,,,,,,,,
D_M9,,7,1,,T,,3,A,,5,,S,T,2,2,#N/A,4,7,5,2,0.01%,0,0,0,1,,,,,,,,,,,,,,,,,,,,,,
D_M#11,,7,1,,S,,3,,T,5,,S,mt,3,2,#N/A,0,7,5,2,0.00%,0,0,0,0,,,,,,,,,,,,,,,,,,,,,,
D_M13,,7,1,,S,,3,A,,5,,T,T,2,2,#N/A,0,7,5,2,0.00%,0,0,0,1,,,,,,,,,,,,,,,,,,,,,,
D_Ion,,7,1,,T,,3,A,,5,,T,T,2,3,#N/A,0,7,6,2,0.00%,0,0,1,1,,,,,,,,,,,,,,,,,,,,,,
D_M7_s2,,7,1,,2,,A,S,,5,,S,T,2,2,#N/A,0,7,4,2,0.00%,0,0,0,1,,,,,,,,,,,,,,,,,,,,,,
D_M#11_s2,,7,1,,2,,A,,T,5,,S,mt,3,3,#N/A,0,7,5,2,0.00%,0,0,0,1,,,,,,,,,,,,,,,,,,,,,,
D_M13_s2,,7,1,,2,,A,S,,5,,T,T,2,3,#N/A,0,7,5,2,0.00%,0,0,0,1,,,,,,,,,,,,,,,,,,,,,,
D_M7_s4,,7,1,,S,,A,4,,5,,S,T,2,2,#N/A,0,7,4,2,0.00%,0,0,0,1,,,,,,,,,,,,,,,,,,,,,,
D_M9_b6_s4,,7,1,,T,,A,4,,S,6,,T,3,4,Bb,0,7,5,3,0.00%,0,0,0,1,,,,,,,,,,,,,,,,,,,,,,
D_M9_s4,,7,1,,T,,A,4,,5,,S,T,2,3,#N/A,0,7,5,2,0.00%,0,0,0,1,,,,,,,,,,,,,,,,,,,,,,
D_M13_s4,,7,1,,S,,A,4,,5,,T,T,2,3,#N/A,0,7,5,2,0.00%,0,0,0,1,,,,,,,,,,,,,,,,,,,,,,
D_aug_M7,,7,1,,S,,3,A,,,L,A,at,3,2,G,0,7,3,3,0.00%,0,1,0,2,,,,,,,,,,,,,,,,,,,,,,
D_aug_M9,,7,1,,T,,3,A,,,L,A,at,3,3,G,0,7,4,3,0.00%,0,1,0,2,,,,,,,,,,,,,,,,,,,,,,
Dm,S,,1,,S,3,,S,,5,,A,sp,0,0,#N/A,2026,7,3,2,5.26%,0,0,0,1,,,,,,,,,,,,,,,,,,,,,,
Dm_2,S,,1,,2,3,,S,,5,,A,sp,0,1,#N/A,56,7,4,2,0.15%,0,0,0,1,,,,,,,,,,,,,,,,,,,,,,
Dm_4,S,,1,,S,3,,4,,5,,A,sp,0,1,#N/A,15,7,4,2,0.04%,0,0,0,1,,,,,,,,,,,,,,,,,,,,,,
Dm_s2,S,,1,,2,S,,S,,5,,A,sp,0,1,#N/A,8,7,3,2,0.02%,0,0,0,1,,,,,,,,,,,,,,,,,,,,,,
Dm_s4,S,,1,,S,S,,4,,5,,A,sp,0,1,#N/A,26,7,3,2,0.07%,0,0,0,1,,,,,,,,,,,,,,,,,,,,,,
Dm_2_s4,S,,1,,T,S,,4,,5,,A,sp,0,2,#N/A,4,7,4,2,0.01%,0,0,0,1,,,,,,,,,,,,,,,,,,,,,,
Dm_aug,S,,1,,S,3,,S,,,L,A,asp,1,1,#N/A,0,7,2,3,0.00%,1,1,0,1,,,,,,,,,,,,,,,,,,,,,,
Dm_M7,,7,1,,S,3,,S,,5,,S,msp,1,1,#N/A,7,7,4,2,0.02%,0,0,0,0,,,,,,,,,,,,,,,,,,,,,,
Dm_M9,,7,1,,T,3,,S,,5,,S,msp,1,2,#N/A,0,7,5,2,0.00%,0,0,0,0,,,,,,,,,,,,,,,,,,,,,,
Dm_7,7,,1,,S,3,,S,,5,,A,sp,0,1,#N/A,1402,7,4,2,3.64%,0,0,0,1,,,,,,,,,,,,,,,,,,,,,,
Dm_9,7,,1,,T,3,,S,,5,,A,sp,0,2,#N/A,338,7,5,2,0.88%,0,0,0,1,,,,,,,,,,,,,,,,,,,,,,
Dm_11,7,,1,,S,3,,T,,5,,A,sp,0,2,#N/A,88,7,5,2,0.23%,0,0,0,1,,,,,,,,,,,,,,,,,,,,,,
Dm_13,7,,1,,S,3,,S,,5,,T,sp,0,2,#N/A,8,7,5,2,0.02%,0,0,0,0,,,,,,,,,,,,,,,,,,,,,,
Dm_7_s2,7,,1,,T,2,,S,,5,,A,sp,0,3,#N/A,9,7,5,2,0.02%,0,0,0,1,,,,,,,,,,,,,,,,,,,,,,
Dm_11_s2,7,,1,,T,2,,T,,5,,A,sp,0,4,#N/A,0,7,6,2,0.00%,0,0,0,1,,,,,,,,,,,,,,,,,,,,,,
Dm_7_s4,7,,1,,S,S,,4,,5,,A,sp,0,2,#N/A,15,7,4,2,0.04%,0,0,0,1,,,,,,,,,,,,,,,,,,,,,,
Dm_9_s4,7,,1,,T,S,,4,,5,,A,sp,0,3,#N/A,45,7,5,2,0.12%,0,0,0,1,,,,,,,,,,,,,,,,,,,,,,
Dm_aug_7,7,,1,,S,3,,S,,,L,A,asp,1,2,#N/A,0,7,3,3,0.00%,1,1,0,1,,,,,,,,,,,,,,,,,,,,,,
Dm_aug_9,7,,1,,T,3,,S,,,L,A,asp,1,3,#N/A,0,7,4,3,0.00%,1,1,0,1,,,,,,,,,,,,,,,,,,,,,,
Dm_aug_11,7,,1,,S,3,,T,,,L,A,asp,1,3,#N/A,0,7,4,3,0.00%,1,1,0,1,,,,,,,,,,,,,,,,,,,,,,
Dm_(b6),S,,1,,S,3,,S,,5,A,,tp,1,0,#N/A,3,7,3,2,0.01%,0,0,0,1,,3,,S,,5,A,,S,,1,,S,,,,,,,,,
Dm_2_(b6),S,,1,,2,3,,S,,5,A,,tp,1,1,#N/A,0,7,4,2,0.00%,0,0,0,1,,3,,S,,5,A,,S,,1,,2,,,,,,,,,
Dm_4_(b6),S,,1,,S,3,,4,,5,A,,tp,1,1,#N/A,0,7,4,2,0.00%,0,0,0,1,,3,,4,,5,A,,S,,1,,S,,,,,,,,,
Dm_s2_(b6),S,,1,,2,S,,S,,5,A,,tp,1,1,#N/A,0,7,3,2,0.00%,0,0,0,1,,S,,S,,5,A,,S,,1,,2,,,,,,,,,
Dm_2_s4_(b6),S,,1,,2,S,,4,,5,A,,tp,1,2,#N/A,0,7,4,2,0.00%,0,0,0,1,,S,,4,,5,A,,S,,1,,2,,,,,,,,,
Dm_s4_(b6),S,,1,,S,S,,4,,5,A,,tp,1,1,#N/A,0,7,3,2,0.00%,0,0,0,1,,S,,4,,5,A,,S,,1,,S,,,,,,,,,
Dm_7_(b6),7,,1,,S,3,,S,,5,A,,tp,1,1,#N/A,0,7,4,2,0.00%,0,0,0,1,,3,,S,,5,A,,7,,1,,S,,,,,,,,,
Dm_9_(b6),7,,1,,T,3,,S,,5,A,,tp,1,2,#N/A,0,7,5,2,0.00%,0,0,0,1,,3,,S,,5,A,,7,,1,,T,,,,,,,,,
Dm_11_(b6),7,,1,,S,3,,T,,5,A,,tp,1,2,#N/A,0,7,5,2,0.00%,0,0,0,1,,3,,T,,5,A,,7,,1,,S,,,,,,,,,
Dm_Aeo,7,,1,,T,3,,T,,5,A,,tp,1,3,#N/A,0,7,6,2,0.00%,0,0,0,1,,3,,T,,5,A,,7,,1,,T,,,,,,,,,
Dm_7_s2_(b6),7,,1,,2,S,,S,,5,A,,tp,1,2,#N/A,0,7,4,2,0.00%,0,0,0,1,,S,,S,,5,A,,7,,1,,2,,,,,,,,,
Dm_11_s2_(b6),7,,1,,2,S,,T,,5,A,,tp,1,3,#N/A,0,7,5,2,0.00%,0,0,0,1,,S,,T,,5,A,,7,,1,,2,,,,,,,,,
Dm_7_s4_(b6),7,,1,,S,S,,4,,5,A,,tp,1,2,#N/A,0,7,4,2,0.00%,0,0,0,1,,S,,4,,5,A,,7,,1,,S,,,,,,,,,
Dm_9_s4_(b6),7,,1,,T,S,,4,,5,A,,tp,1,3,#N/A,0,7,5,2,0.00%,0,0,0,1,,S,,4,,5,A,,7,,1,,T,,,,,,,,,
Dm_M7_(b6),,7,1,,S,3,,S,,5,A,,msp,2,1,Bb,0,7,4,3,0.00%,0,0,0,1,,,,,,,,,,,,,,,,,,,,,,
Dm_M9_(b6),,7,1,,T,3,,S,,5,A,,msp,2,2,Bb,0,7,5,3,0.00%,0,0,0,1,,,,,,,,,,,,,,,,,,,,,,
Dm_M9_s4_(b6),,7,1,,T,S,,4,,5,A,,msp,2,3,Bb,2,7,5,3,0.01%,0,0,0,1,,,,,,,,,,,,,,,,,,,,,,
Dhdim,7,,1,,S,3,,S,5,,S,,msp,2,1,#N/A,13,7,4,2,0.03%,0,0,0,0,,,,,,,,,,,,,,,,,,,,,,
Dhdim_9,7,,1,,T,3,,S,5,,S,,msp,2,2,#N/A,4,7,5,2,0.01%,0,0,0,0,,,,,,,,,,,,,,,,,,,,,,
Dm_6,A,,1,,S,3,,S,,5,,6,sp,0,1,#N/A,22,7,4,2,0.06%,0,0,0,1,,,,,,,,,,,,,,,,,,,,,,
Dm_2_6,A,,1,,T,3,,S,,5,,6,sp,0,2,#N/A,0,7,5,2,0.00%,0,0,0,1,,,,,,,,,,,,,,,,,,,,,,
Dm_6_s2,A,,1,,2,S,,S,,5,,6,sp,0,2,#N/A,6,7,4,2,0.02%,0,0,0,1,,,,,,,,,,,,,,,,,,,,,,
Dm_6_s4,A,,1,,S,S,,4,,5,,6,sp,0,2,#N/A,6,7,4,2,0.02%,0,0,0,1,,,,,,,,,,,,,,,,,,,,,,
Dm_(b9),S,,1,S,,3,,S,,5,,A,msp,1,0,#N/A,0,7,3,2,0.00%,0,0,0,1,,,,,,,,,,,,,,,,,,,,,,
Dm_4_(b9),S,,1,S,,3,,4,,5,,A,msp,1,1,#N/A,0,7,4,2,0.00%,0,0,0,1,,,,,,,,,,,,,,,,,,,,,,
Dm_s4_(b9),S,,1,S,,S,,4,,5,,A,msp,1,1,#N/A,0,7,3,2,0.00%,0,0,0,1,,,,,,,,,,,,,,,,,,,,,,
Dm_aug_(b9),S,,1,S,,3,,S,,,L,A,msp,2,1,B,0,7,2,3,0.00%,1,1,0,1,,,,,,,,,,,,,,,,,,,,,,
Dm_7_(b9),7,,1,S,,3,,S,,5,,A,msp,1,1,#N/A,1,7,4,2,0.00%,0,0,0,1,,,,,,,,,,,,,,,,,,,,,,
Dm_11_(b9),7,,1,S,,3,,T,,5,,A,msp,1,2,#N/A,0,7,5,2,0.00%,0,0,0,1,,,,,,,,,,,,,,,,,,,,,,
Dm_7_s4_(b9),7,,1,S,,S,,4,,5,,A,msp,1,2,#N/A,0,7,4,2,0.00%,0,0,0,1,,,,,,,,,,,,,,,,,,,,,,
Dm_aug_7_(b9),7,,1,S,,3,,S,,,L,A,msp,2,2,B,0,7,3,3,0.00%,1,1,0,1,,,,,,,,,,,,,,,,,,,,,,
Dm_aug_11_(b9),7,,1,S,,3,,T,,,L,A,msp,2,3,B,0,7,4,3,0.00%,1,1,0,1,,,,,,,,,,,,,,,,,,,,,,
Dhdim_(b9),7,,1,S,,3,,S,5,,S,,msp,3,1,#N/A,0,7,4,2,0.00%,0,0,0,0,,,,,,,,,,,,,,,,,,,,,,
Dm_6_(b9),A,,1,S,,3,,S,,5,,6,msp,1,1,#N/A,0,7,4,2,0.00%,0,0,0,1,,,,,,,,,,,,,,,,,,,,,,
Dm_dor,T,,1,,T,3,,T,,5,,A,sp,0,3,#N/A,17,7,6,2,0.04%,0,0,0,1,,,,,,,,,,,,,,,,,,,,,,
Dm_(#4),S,,1,,S,3,,,A,5,,S,sp,1,0,F,7,7,3,3,0.02%,0,0,0,1,,,,,,,,,,,,,,,,,,,,,,
Dm_7_(#4),7,,1,,S,3,,,A,5,,S,sp,1,1,F,0,7,4,3,0.00%,0,0,0,1,,,,,,,,,,,,,,,,,,,,,,
Ddim,,,1,A,,3,,S,5,,S,7,2l,3,1,B,0,7,4,3,0.00%,0,0,0,1,,,,,,,,,,,,,,,,,,,,,,
D#dim,7,,,1,A,,3,S,,5,,S,2l,2,1,C,16,7,4,3,0.04%,0,0,0,1,,,,,,,,,,,,,,,,,,,,,,
D#dim,7,,,1,A,,3,S,,5,,S,2l,2,1,C,16,7,4,3,0.04%,0,0,0,1,,,,,,,,,,,,,,,,,,,,,,
Eb,S,,S,1,,S,,3,,S,5,,mtp,2,0,#N/A,31,7,3,2,0.08%,0,0,0,0,,,,,,,,,,,,,,,,,,,,,,
Eb_2,S,,S,1,,2,,3,,S,5,,mtp,2,1,#N/A,12,7,4,2,0.03%,0,0,0,0,,,,,,,,,,,,,,,,,,,,,,
Eb_#4,S,,S,1,,2,,3,,4,5,,mtp,2,2,#N/A,0,7,5,2,0.00%,0,0,0,0,,,,,,,,,,,,,,,,,,,,,,
Eb_6,6,,S,1,,S,,3,,S,5,,mtp,2,1,#N/A,2,7,4,2,0.01%,0,0,0,0,,,,,,,,,,,,,,,,,,,,,,
Eb_2_6,6,,S,1,,2,,3,,S,5,,mtp,2,2,#N/A,0,7,5,2,0.00%,0,0,0,0,,,,,,,,,,,,,,,,,,,,,,
Eb_s6,6,,S,1,,S,,3,,S,S,,mtp,2,1,#N/A,0,7,3,2,0.00%,0,0,0,0,,,,,,,,,,,,,,,,,,,,,,
Eb_s2,S,,S,1,,2,,A,,S,5,,mtp,2,1,#N/A,0,7,3,2,0.00%,0,0,0,1,,,,,,,,,,,,,,,,,,,,,,
Eb_6_s2,6,,S,1,,2,,A,,S,5,,mtp,2,2,#N/A,0,7,4,2,0.00%,0,0,0,1,,,,,,,,,,,,,,,,,,,,,,
Eb_6_s#4,6,,S,1,,S,,A,,4,5,,mtp,2,2,#N/A,0,7,4,2,0.00%,0,0,0,1,,,,,,,,,,,,,,,,,,,,,,
Eb_s#4,S,,S,1,,S,,A,,4,5,,mtp,2,1,#N/A,0,7,3,2,0.00%,0,0,0,1,,,,,,,,,,,,,,,,,,,,,,
Eb_aug,A,,S,1,,S,,3,,S,,L,mtp,1,1,#N/A,0,7,2,2,0.00%,0,1,0,1,,,,,,,,,,,,,,,,,,,,,,
Eb_M7,S,,7,1,,S,,3,,S,5,,mtp,2,1,#N/A,49,7,4,2,0.13%,0,0,0,0,,,,,,,,,,,,,,,,,,,,,,
Eb_M9,S,,7,1,,T,,3,,S,5,,mtp,2,2,#N/A,0,7,5,2,0.00%,0,0,0,0,,,,,,,,,,,,,,,,,,,,,,
Eb_M#11,S,,7,1,,S,,3,,T,5,,mtp,2,2,#N/A,0,7,5,2,0.00%,0,0,0,0,,,,,,,,,,,,,,,,,,,,,,
Eb_M13,T,,7,1,,S,,3,,S,5,,mtp,2,2,#N/A,0,7,5,2,0.00%,0,0,0,0,,,,,,,,,,,,,,,,,,,,,,
Eb_M9_#11,S,,7,1,,T,,3,,T,5,,mtp,2,3,#N/A,0,7,6,2,0.00%,0,0,0,0,,,,,,,,,,,,,,,,,,,,,,
Eb_M#11_13,T,,7,1,,S,,3,,T,5,,mtp,2,3,#N/A,0,7,6,2,0.00%,0,0,0,0,,,,,,,,,,,,,,,,,,,,,,
Eb_M7_s2,S,,7,1,,2,,A,,S,5,,mtp,2,2,#N/A,0,7,4,2,0.00%,0,0,0,1,,,,,,,,,,,,,,,,,,,,,,
Eb_M#11_s2,S,,7,1,,2,,A,,T,5,,mtp,2,3,#N/A,0,7,5,2,0.00%,0,0,0,1,,,,,,,,,,,,,,,,,,,,,,
Eb_M13_s2,T,,7,1,,2,,A,,S,5,,mtp,2,3,#N/A,0,7,5,2,0.00%,0,0,0,1,,,,,,,,,,,,,,,,,,,,,,
Eb_M7_s#4,S,,7,1,,S,,A,,4,5,,mtp,2,2,#N/A,0,7,4,2,0.00%,0,0,0,1,,,,,,,,,,,,,,,,,,,,,,
Eb_M9_s#4,S,,7,1,,T,,A,,4,5,,mtp,2,3,#N/A,0,7,5,2,0.00%,0,0,0,1,,,,,,,,,,,,,,,,,,,,,,
Eb_M13_s#4,T,,7,1,,S,,A,,4,5,,mtp,2,3,#N/A,0,7,5,2,0.00%,0,0,0,1,,,,,,,,,,,,,,,,,,,,,,
Eb_Gr,,L,A,1,,S,,3,,S,5,,26,3,1,Bb,8,7,3,3,0.02%,1,0,0,1,,,,,,,,,,,,,,,,,,,,,,
Eb_Gr_9,,L,A,1,,T,,3,,S,5,,26,3,2,Bb,0,7,4,3,0.00%,1,0,0,1,,,,,,,,,,,,,,,,,,,,,,
Eb_Gr_#11,,L,A,1,,S,,3,,T,5,,26,3,2,Bb,0,7,4,3,0.00%,1,0,0,1,,,,,,,,,,,,,,,,,,,,,,
Eb_Gr_13,T,L,,1,,S,,3,,T,5,,26,3,3,#N/A,2,7,5,2,0.01%,0,0,0,0,,,,,,,,,,,,,,,,,,,,,,
Eb_It,,L,A,1,,S,,3,,S,S,,25,3,1,Bb,2,7,2,3,0.01%,1,0,0,1,,,,,,,,,,,,,,,,,,,,,,
Eb_It_13,T,L,,1,,S,,3,,S,S,,25,3,2,#N/A,2,7,3,2,0.01%,0,0,0,0,,,,,,,,,,,,,,,,,,,,,,
Eb_Fr,,L,A,1,,S,,3,,5,S,,26,3,1,Bb,0,7,3,3,0.00%,1,0,0,1,,,,,,,,,,,,,,,,,,,,,,
Eb_(4),S,,S,1,,S,,3,A,,5,,mtp,3,0,#N/A,3,7,3,2,0.01%,0,0,0,1,,,,,,,,,,,,,,,,,,,,,,
Eb_2_(4),S,,S,1,,2,,3,A,,5,,mtp,3,1,#N/A,0,7,4,2,0.00%,0,0,0,1,,,,,,,,,,,,,,,,,,,,,,
Eb_6_(4),6,,S,1,,S,,3,A,,5,,mtp,3,1,#N/A,0,7,4,2,0.00%,0,0,0,1,,,,,,,,,,,,,,,,,,,,,,
Eb_M7_(4),S,,7,1,,S,,3,A,,5,,mtp,3,1,#N/A,2,7,4,2,0.01%,0,0,0,1,,,,,,,,,,,,,,,,,,,,,,
Eb_M9_(4),S,,7,1,,T,,3,A,,5,,mtp,3,2,#N/A,2,7,5,2,0.01%,0,0,0,1,,,,,,,,,,,,,,,,,,,,,,
Eb_(7),S,S,,1,,S,,3,A,,5,,2d,4,0,#N/A,1,7,3,2,0.00%,0,0,0,1,,,,,,,,,,,,,,,,,,,,,,
Eb_2_(7),S,S,,1,,2,,3,A,,5,,2d,4,1,#N/A,0,7,4,2,0.00%,0,0,0,1,,,,,,,,,,,,,,,,,,,,,,
Eb_s4_(7),S,S,,1,,S,,A,4,,5,,2d,4,1,#N/A,0,7,3,2,0.00%,0,0,0,1,,,,,,,,,,,,,,,,,,,,,,
Eb_v46_(7),6,S,,1,,S,,A,4,,S,,2d,4,2,#N/A,0,7,3,2,0.00%,0,0,0,1,,,,,,,,,,,,,,,,,,,,,,
Eb_6_(7),6,S,,1,,S,,3,A,,5,,2d,4,1,#N/A,0,7,4,2,0.00%,0,0,0,1,,,,,,,,,,,,,,,,,,,,,,
Eb_7,S,7,,1,,S,,3,A,,5,,2d,4,1,#N/A,3,7,4,2,0.01%,0,0,0,1,,,,,,,,,,,,,,,,,,,,,,
Eb_9,S,7,,1,,T,,3,A,,5,,2d,4,2,#N/A,0,7,5,2,0.00%,0,0,0,1,,,,,,,,,,,,,,,,,,,,,,
Eb_13,T,7,,1,,S,,3,A,,5,,2d,4,2,#N/A,0,7,5,2,0.00%,0,0,0,1,,,,,,,,,,,,,,,,,,,,,,
Eb_Mix,T,7,,1,,T,,3,A,,5,,2d,4,3,#N/A,0,7,6,2,0.00%,0,0,1,1,,,,,,,,,,,,,,,,,,,,,,
Eb_7_s4,S,7,,1,,S,,A,4,,5,,2d,4,2,#N/A,0,7,4,2,0.00%,0,0,0,1,,,,,,,,,,,,,,,,,,,,,,
Eb_9_s4,S,7,,1,,T,,A,4,,5,,2d,4,3,#N/A,0,7,5,2,0.00%,0,0,0,1,,,,,,,,,,,,,,,,,,,,,,
Eb_13_s4,T,7,,1,,S,,A,4,,5,,2d,4,3,#N/A,0,7,5,2,0.00%,0,0,0,1,,,,,,,,,,,,,,,,,,,,,,
Eb_Mix_s4,T,7,,1,,T,,A,4,,5,,2d,4,4,#N/A,0,7,6,2,0.00%,0,0,1,1,,,,,,,,,,,,,,,,,,,,,,
Eb_aug_7,A,7,,1,,S,,3,S,,,L,2ad,3,2,Ab,0,7,3,3,0.00%,1,1,0,1,,,,,,,,,,,,,,,,,,,,,,
Eb_aug_9,A,7,,1,,T,,3,S,,,L,2ad,3,3,Ab,0,7,4,3,0.00%,1,1,0,1,,,,,,,,,,,,,,,,,,,,,,
Eb_Pen,T,S,,1,,T,,3,A,,5,,D,4,2,#N/A,0,7,5,2,0.00%,0,0,0,1,,,,,,,,,,,,,,,,,,,,,,
Eb_Pen_s4,T,S,,1,,T,,A,4,,5,,D,4,3,#N/A,0,7,5,2,0.00%,0,0,0,1,,,,,,,,,,,,,,,,,,,,,,
Eb_Alt,7,,1,T,,T,3,,T,S,T,,md,4,5,F#,0,8,7,4,0.00%,1,0,1,0,,,,,,,,,,,,,,,,,,,,,,
Ebm,S,S,,1,,S,3,,S,,5,,,5,,#N/A,0,7,3,2,,0,0,0,0,,,,,,,,,,,,,,,,,,,,,,
Ebm_7,S,7,,1,,S,3,,S,,5,,,5,,#N/A,1,7,4,2,,0,0,0,0,,,,,,,,,,,,,,,,,,,,,,
E,S,,S,,1,S,,,3,A,,5,2d,1,0,F,787,7,3,3,2.04%,0,0,0,1,,,,,,,,,,,,,,,,,,,,,,
E_s4,S,,S,,1,S,,,A,4,,5,2d,1,1,F,60,7,3,3,0.16%,0,0,0,1,,,,,,,,,,,,,,,,,,,,,,
E_v4b6,6,,S,,1,S,,,A,4,,S,2d,1,2,F,42,7,3,3,0.11%,0,0,0,1,,,,,,,,,,,,,,,,,,,,,,
E_sb6,6,,S,,1,S,,,3,A,,S,2d,1,1,F,0,7,3,3,0.00%,0,0,0,1,,,,,,,,,,,,,,,,,,,,,,
E_b6,6,,S,,1,S,,,3,A,,5,2d,1,1,F,21,7,4,3,0.05%,0,0,0,1,,,,,,,,,,,,,,,,,,,,,,
E_7,S,,7,,1,S,,,3,A,,5,2d,1,1,F,518,7,4,3,1.34%,0,0,0,1,,,e_7/3,,,,,,,,,,,,,,,,,,,
E_7_v4b6,6,,7,,1,S,,,A,4,,S,2d,1,3,F,8,7,4,3,0.02%,0,0,0,1,,,,,,,,,,,,,,,,,,,,,,
E_b9,S,,7,,1,T,,,3,A,,5,2d,1,2,F,66,7,5,3,0.17%,0,0,0,1,,,,,,,,,,,,,,,,,,,,,,
E_#9,S,,7,,1,S,,T,3,A,,5,m2d,1,2,F,27,8,5,4,0.07%,1,0,0,1,,,,,,,,,,,,,,,,,,,,,,
E_b9_#9,S,,7,,1,T,,T,3,A,,5,2d,1,3,F,0,8,6,4,0.00%,1,0,0,1,,,,,,,,,,,,,,,,,,,,,,
E_#11,S,,7,,1,S,,,3,,T,5,2d,2,2,#N/A,0,7,5,3,0.00%,1,0,0,0,,,,,,,,,,,,,,,,,,,,,,
E_13,,T,7,,1,S,,,3,A,,5,m2d,2,2,F,0,7,5,3,0.00%,0,0,0,1,,,,,,,,,,,,,,,,,,,,,,
E_b13,T,,7,,1,S,,,3,A,,5,2d,1,2,F,47,7,5,3,0.12%,0,0,0,1,,,,,,,,,,,,,,,,,,,,,,
E_#9_b13,T,,7,,1,S,,T,3,,,5,m2d,1,3,Ab,5,7,6,3,0.01%,0,0,0,0,,,,,,,,,,,,,,,,,,,,,,
E_Mix,,T,7,,1,,T,,3,A,,5,m2d,3,3,#N/A,2,7,6,2,0.01%,0,0,1,1,,,,,,,,,,,,,,,,,,,,,,
E_Hmp5,T,,7,,1,T,,,3,A,,5,2d,1,3,F,6,7,6,3,0.02%,0,0,1,1,,,,,,,,,,,,,,,,,,,,,,
E_Alt,T,,7,,1,T,,T,3,,T,S,m2d,2,5,Ab,1,8,7,4,0.00%,1,0,1,0,,,,,,,,,,,,,,,,,,,,,,
E_L7,,T,7,,1,,T,,3,,T,5,m2d,4,4,#N/A,0,7,7,2,0.00%,0,0,1,0,,,,,,,,,,,,,,,,,,,,,,
E_CD,,T,7,,1,T,,T,3,,T,5,m2d,3,5,#N/A,0,8,8,4,0.00%,0,0,1,0,,,,,,,,,,,,,,,,,,,,,,
E_WT,T,,7,,1,,T,,3,,T,S,m2d,3,4,#N/A,0,7,6,2,0.00%,1,0,1,0,,,,,,,,,,,,,,,,,,,,,,
E_7_s4,S,,7,,1,S,,,A,4,,5,2d,1,2,F,20,7,4,3,0.05%,0,0,0,1,,,,,,,,,,,,,,,,,,,,,,
E_9_s4,S,,7,,1,,T,,A,4,,5,m2d,2,3,#N/A,8,7,5,2,0.02%,0,0,0,1,,,,,,,,,,,,,,,,,,,,,,
E_b9_s4,S,,7,,1,T,,,A,4,,5,2d,1,3,F,7,7,5,3,0.02%,0,0,0,1,,,,,,,,,,,,,,,,,,,,,,
E_#9_s4,S,,7,,1,S,,T,A,4,,5,m2d,1,3,F,0,8,5,4,0.00%,1,0,0,1,,,,,,,,,,,,,,,,,,,,,,
E_b9_#9_s4,S,,7,,1,T,,T,A,4,,5,2d,1,4,F,0,8,6,4,0.00%,1,0,0,1,,,,,,,,,,,,,,,,,,,,,,
E_13_s4,,T,7,,1,S,,,A,4,,5,m2d,2,3,F,0,7,5,3,0.00%,0,0,0,1,,,,,,,,,,,,,,,,,,,,,,
E_b13_s4,T,,7,,1,S,,,A,4,,5,2d,1,3,F,0,7,5,3,0.00%,0,0,0,1,,,,,,,,,,,,,,,,,,,,,,
E_Mix_s4,,T,7,,1,,T,,A,4,,5,m2d,3,4,#N/A,0,7,6,2,0.00%,0,0,1,1,,,,,,,,,,,,,,,,,,,,,,
E_Hmp5_s4 ,T,,7,,1,T,,,A,4,,5,2d,1,4,F,0,7,6,3,0.00%,0,0,1,1,,,,,,,,,,,,,,,,,,,,,,
E_aug_7,L,A,7,,1,,S,,3,A,,,2ad,3,2,A,0,7,3,3,0.00%,1,1,0,2,,,,,,,,,,,,,,,,,,,,,,
E_aug_9,L,A,7,,1,,T,,3,A,,,2ad,3,3,A,0,7,4,3,0.00%,1,1,0,2,,,,,,,,,,,,,,,,,,,,,,
E_(9),S,,S,,1,,S,,3,A,,5,2d,2,0,#N/A,13,7,3,2,0.03%,0,0,0,1,,,,,,,,,,,,,,,,,,,,,,
E_2,S,,S,,1,,2,,3,A,,5,2d,2,1,#N/A,0,7,4,2,0.00%,0,0,0,1,,,,,,,,,,,,,,,,,,,,,,
E_s2,S,,S,,1,,2,,A,S,,5,2d,2,1,#N/A,1,7,3,2,0.00%,0,0,0,1,,,,,,,,,,,,,,,,,,,,,,
E_s4_(9),S,,S,,1,,S,,A,4,,5,2d,2,1,#N/A,3,7,3,2,0.01%,0,0,0,1,,,,,,,,,,,,,,,,,,,,,,
E_2_s4,S,,S,,1,,2,,A,4,,5,2d,2,2,#N/A,1,7,4,2,0.00%,0,0,0,1,,,,,,,,,,,,,,,,,,,,,,
E_v4b6_(9),6,,S,,1,,S,,A,4,,S,2d,2,2,#N/A,0,7,3,2,0.00%,0,0,0,1,,,,,,,,,,,,,,,,,,,,,,
E_sb6_(9),6,,S,,1,,S,,3,A,,S,2d,2,1,#N/A,0,7,3,2,0.00%,0,0,0,1,,,,,,,,,,,,,,,,,,,,,,
E_b6_(9),6,,S,,1,,S,,3,A,,5,2d,2,1,#N/A,0,7,4,2,0.00%,0,0,0,1,,,,,,,,,,,,,,,,,,,,,,
E_7_(9),S,,7,,1,,S,,3,A,,5,2d,2,1,#N/A,9,7,4,2,0.02%,0,0,0,1,,,e_7/3,,,,,,,,,,,,,,,,,,,
E_7_v4b6_(9),6,,7,,1,,S,,A,4,,S,2d,2,3,#N/A,0,7,4,2,0.00%,0,0,0,1,,,,,,,,,,,,,,,,,,,,,,
E_9,S,,7,,1,,T,,3,A,,5,m2d,2,2,#N/A,12,7,5,2,0.03%,0,0,0,1,,,,,,,,,,,,,,,,,,,,,,
E_#9_(9),S,,7,,1,,S,T,3,A,,5,m2d,2,2,Ab,0,8,5,4,0.00%,2,0,0,1,,,,,,,,,,,,,,,,,,,,,,
E_s4_(9),S,,7,,1,,T,,A,4,,5,2d,2,3,#N/A,3,7,5,2,0.01%,0,0,0,1,,,,,,,,,,,,,,,,,,,,,,
E_#11_(9),S,,7,,1,,S,,3,,T,5,2d,3,2,#N/A,0,7,5,2,0.00%,1,0,0,0,,,,,,,,,,,,,,,,,,,,,,
E_13_(9),,T,7,,1,,S,,3,A,,5,m2d,3,2,#N/A,0,7,5,2,0.00%,0,0,0,1,,,,,,,,,,,,,,,,,,,,,,
E_b13_(9),T,,7,,1,,S,,3,A,,5,2d,2,2,#N/A,0,7,5,2,0.00%,0,0,0,1,,,,,,,,,,,,,,,,,,,,,,
E_#9_b13_(9),T,,7,,1,,S,T,3,,,5,m2d,2,3,Ab,0,7,6,3,0.00%,1,0,0,0,,,,,,,,,,,,,,,,,,,,,,
E_(M7),,S,,S,1,,S,,3,A,,5,T,4,0,#N/A,0,7,3,2,0.00%,0,0,0,1,,,,,,,,,,,,,,,,,,,,,,
E_2_(M7),,S,,S,1,,2,,3,A,,5,T,4,1,#N/A,0,7,4,2,0.00%,0,0,0,1,,,,,,,,,,,,,,,,,,,,,,
E_2_b6_s4_(M7),6,,,S,1,,2,,A,4,,S,T,3,3,C,0,7,4,3,0.00%,0,0,0,1,,,,,,,,,,,,,,,,,,,,,,
E_6_(M7),,6,,S,1,,S,,3,A,,5,T,4,1,#N/A,0,7,4,2,0.00%,0,0,0,1,,,,,,,,,,,,,,,,,,,,,,
E_2_6_(M7),,6,,S,1,,2,,3,A,,5,T,4,2,#N/A,0,7,5,2,0.00%,0,0,0,1,,,,,,,,,,,,,,,,,,,,,,
E_s2_(M7),,S,,S,1,,2,,A,S,,5,T,4,1,#N/A,0,7,3,2,0.00%,0,0,0,1,,,,,,,,,,,,,,,,,,,,,,
E_s4_(M7),,S,,S,1,,S,,A,4,,5,T,4,1,#N/A,1,7,3,2,0.00%,0,0,0,1,,,,,,,,,,,,,,,,,,,,,,
E_v46_(M7),,6,S,,1,,S,,A,4,,S,2D,3,2,#N/A,0,7,3,2,0.00%,0,0,0,1,,,,,,,,,,,,,,,,,,,,,,
E_2_v46_(M7),,6,S,,1,,T,,A,4,,S,2D,3,3,#N/A,0,7,4,2,0.00%,0,0,0,1,,,,,,,,,,,,,,,,,,,,,,
E_2_s4_(M7),,S,,S,1,,2,,A,4,,5,T,4,2,#N/A,0,7,4,2,0.00%,0,0,0,1,,,,,,,,,,,,,,,,,,,,,,
E_aug,L,A,S,,1,,S,,3,A,,,T,3,1,A,0,7,2,3,0.00%,1,1,0,2,,,,,,,,,,,,,,,,,,,,,,
E_M7,,S,,7,1,,S,,3,A,,5,T,4,1,#N/A,0,7,4,2,0.00%,0,0,0,1,,,,,,,,,,,,,,,,,,,,,,
E_M9,,S,,7,1,,T,,3,A,,5,T,4,2,#N/A,0,7,5,2,0.00%,0,0,0,1,,,,,,,,,,,,,,,,,,,,,,
E_M#11,,S,,7,1,,S,,3,,T,5,mt,5,2,#N/A,0,7,5,2,0.00%,0,0,0,0,,,,,,,,,,,,,,,,,,,,,,
E_M13,,T,,7,1,,S,,3,A,,5,T,4,2,#N/A,0,7,5,2,0.00%,0,0,0,1,,,,,,,,,,,,,,,,,,,,,,
E_Ion,,T,,7,1,,T,,3,A,,5,T,4,3,#N/A,0,7,6,2,0.00%,0,0,1,1,,,,,,,,,,,,,,,,,,,,,,
E_M7_s2,,S,,7,1,,2,,A,S,,5,T,4,2,#N/A,0,7,4,2,0.00%,0,0,0,1,,,,,,,,,,,,,,,,,,,,,,
E_M#11_s2,,S,,7,1,,2,,A,,T,5,mt,5,3,#N/A,0,7,5,2,0.00%,0,0,0,1,,,,,,,,,,,,,,,,,,,,,,
E_M13_s2,,T,,7,1,,2,,A,S,,5,T,4,3,#N/A,0,7,5,2,0.00%,0,0,0,1,,,,,,,,,,,,,,,,,,,,,,
E_M7_s4,,S,,7,1,,S,,A,4,,5,T,4,2,#N/A,0,7,4,2,0.00%,0,0,0,1,,,,,,,,,,,,,,,,,,,,,,
E_M9_b6_s4,6,,,7,1,,T,,A,4,,S,T,3,4,C,0,7,5,3,0.00%,0,0,0,1,,,,,,,,,,,,,,,,,,,,,,
E_M9_s4,,S,,7,1,,T,,A,4,,5,T,4,3,#N/A,0,7,5,2,0.00%,0,0,0,1,,,,,,,,,,,,,,,,,,,,,,
E_M13_s4,,T,,7,1,,S,,A,4,,5,T,4,3,#N/A,0,7,5,2,0.00%,0,0,0,1,,,,,,,,,,,,,,,,,,,,,,
E_aug_M7,L,A,,7,1,,S,,3,A,,,at,4,2,A,0,7,3,3,0.00%,0,1,0,2,,,,,,,,,,,,,,,,,,,,,,
E_aug_M9,L,A,,7,1,,T,,3,A,,,at,4,3,A,0,7,4,3,0.00%,0,1,0,2,,,,,,,,,,,,,,,,,,,,,,
Em,S,,S,,1,A,,3,,S,,5,pd,0,0,#N/A,1193,7,3,2,3.10%,0,0,0,1,,,,,,,,,,,,,,,,,,,,,,
Em_4,S,,S,,1,A,,3,,4,,5,pd,0,1,#N/A,25,7,4,2,0.06%,0,0,0,1,,,,,,,,,,,,,,,,,,,,,,
Em_s4,S,,S,,1,A,,S,,4,,5,pd,0,1,#N/A,27,7,3,2,0.07%,0,0,0,1,,,,,,,,,,,,,,,,,,,,,,
Em_7,S,,7,,1,A,,3,,S,,5,pd,0,1,#N/A,979,7,4,2,2.54%,0,0,0,1,,,,,,,,,,,,,,,,,,,,,,
Em_b9,S,,7,,1,T,,3,,S,,5,pd,0,2,#N/A,0,7,5,2,0.00%,0,0,0,0,,,,,,,,,,,,,,,,,,,,,,
Em_b9_s4,S,,7,,1,T,,S,,4,,5,pd,0,3,#N/A,2,7,5,2,0.01%,0,0,0,0,,,,,,,,,,,,,,,,,,,,,,
Em_9,A,,7,,1,,T,3,,S,,5,pd,1,2,#N/A,2,7,5,2,0.01%,0,0,0,1,,,,,,,,,,,,,,,,,,,,,,
Em_11,S,,7,,1,A,,3,,T,,5,pd,0,2,#N/A,47,7,5,2,0.12%,0,0,0,1,,,,,,,,,,,,,,,,,,,,,,
Em_b13,T,,7,,1,A,,3,,S,,5,pd,0,2,#N/A,4,7,5,2,0.01%,0,0,0,1,,,,,,,,,,,,,,,,,,,,,,
Em_7_s4,S,,7,,1,A,,S,,4,,5,pd,0,2,#N/A,15,7,4,2,0.04%,0,0,0,1,,,,,,,,,,,,,,,,,,,,,,
Em_(9),A,,S,,1,,S,3,,S,,5,pd,1,0,#N/A,4,7,3,2,0.01%,0,0,0,1,,,,,,,,,,,,,,,,,,,,,,
Em_4_(9),A,,S,,1,,S,3,,4,,5,pd,1,1,#N/A,0,7,4,2,0.00%,0,0,0,1,,,,,,,,,,,,,,,,,,,,,,
Em_s4_(9),A,,S,,1,,S,S,,4,,5,pd,1,1,#N/A,0,7,3,2,0.00%,0,0,0,1,,,,,,,,,,,,,,,,,,,,,,
Em_7_(9),A,,7,,1,,S,3,,S,,5,pd,1,1,#N/A,1,7,4,2,0.00%,0,0,0,1,,,,,,,,,,,,,,,,,,,,,,
Em_11_(9),A,,7,,1,,S,3,,T,,5,pd,1,2,#N/A,0,7,5,2,0.00%,0,0,0,1,,,,,,,,,,,,,,,,,,,,,,
Em_b13_(9),A,,7,,1,,S,3,,S,,5,pd,1,1,#N/A,0,7,4,2,0.00%,0,0,0,1,,,,,,,,,,,,,,,,,,,,,,
Em_7_s4_(9),A,,7,,1,,S,S,,4,,5,pd,1,2,#N/A,0,7,4,2,0.00%,0,0,0,1,,,,,,,,,,,,,,,,,,,,,,
Em_(dor),,A,S,,1,,S,3,,S,,5,sp,2,0,#N/A,0,7,3,2,0.00%,0,0,0,1,,,,,,,,,,,,,,,,,,,,,,
Em_2_(dor),,A,S,,1,,2,3,,S,,5,sp,2,1,#N/A,0,7,4,2,0.00%,0,0,0,1,,,,,,,,,,,,,,,,,,,,,,
Em_4_(dor),,A,S,,1,,S,3,,4,,5,sp,2,1,#N/A,0,7,4,2,0.00%,0,0,0,1,,,,,,,,,,,,,,,,,,,,,,
Em_s2_(dor),,A,S,,1,,2,S,,S,,5,sp,2,1,#N/A,0,7,3,2,0.00%,0,0,0,1,,,,,,,,,,,,,,,,,,,,,,
Em_s4_(dor),,A,S,,1,,S,S,,4,,5,sp,2,1,#N/A,0,7,3,2,0.00%,0,0,0,1,,,,,,,,,,,,,,,,,,,,,,
Em_2_s4_(dor),,A,S,,1,,T,S,,4,,5,sp,2,2,#N/A,0,7,4,2,0.00%,0,0,0,1,,,,,,,,,,,,,,,,,,,,,,
Em_7_(dor),,A,7,,1,,S,3,,S,,5,sp,2,1,#N/A,0,7,4,2,0.00%,0,0,0,1,,,,,,,,,,,,,,,,,,,,,,
Em_9_(dor),,A,7,,1,,T,3,,S,,5,sp,2,2,#N/A,0,7,5,2,0.00%,0,0,0,1,,,,,,,,,,,,,,,,,,,,,,
Em_11_(dor),,A,7,,1,,S,3,,T,,5,sp,2,2,#N/A,0,7,5,2,0.00%,0,0,0,1,,,,,,,,,,,,,,,,,,,,,,
Em_13_(dor),,T,7,,1,,S,3,,S,,5,sp,2,2,#N/A,0,7,5,2,0.00%,0,0,0,0,,,,,,,,,,,,,,,,,,,,,,
Em_7_s2_(dor),,A,7,,1,,T,2,,S,,5,sp,2,3,#N/A,0,7,5,2,0.00%,0,0,0,1,,,,,,,,,,,,,,,,,,,,,,
Em_11_s2_(dor),,A,7,,1,,T,2,,T,,5,sp,2,4,#N/A,0,7,6,2,0.00%,0,0,0,1,,,,,,,,,,,,,,,,,,,,,,
Em_7_s4_(dor),,A,7,,1,,S,S,,4,,5,sp,2,2,#N/A,0,7,4,2,0.00%,0,0,0,1,,,,,,,,,,,,,,,,,,,,,,
Em_9_s4_(dor),,A,7,,1,,T,S,,4,,5,sp,2,3,#N/A,0,7,5,2,0.00%,0,0,0,1,,,,,,,,,,,,,,,,,,,,,,
Edim,S,7,,,1,S,,3,,S,5,,2s,2,1,C#,1,7,4,3,0.00%,0,0,0,0,,,,,,,,,,,,,,,,,,,,,,
Ehdim,,A,7,,1,S,,3,,S,5,,2s,2,1,Bb,31,7,4,3,0.08%,0,0,0,1,,,,,,,,,,,,,,,,,,,,,,
F,5,,S,,S,1,,S,,3,,S,s,0,0,#N/A,4133,7,3,2,10.72%,0,0,0,0,,,,,,,,,,,,,,,,,,,,,,
F_2,5,,S,,S,1,,2,,3,,S,s,0,1,#N/A,269,7,4,2,0.70%,0,0,0,0,,,,,,,,,,,,,,,,,,,,,,
F_#4,5,,S,,S,1,,2,,3,,4,s,0,2,#N/A,5,7,5,2,0.01%,0,0,0,0,,,,,,,,,,,,,,,,,,,,,,
F_6,5,,6,,S,1,,S,,3,,S,s,0,1,#N/A,192,7,4,2,0.50%,0,0,0,0,,,,,,,,,,,,,,,,,,,,,,
F_2_6,5,,6,,S,1,,2,,3,,S,s,0,2,#N/A,7,7,5,2,0.02%,0,0,0,0,,,,,,,,,,,,,,,,,,,,,,
F_s6,S,,6,,S,1,,S,,3,,S,s,0,1,#N/A,100,7,3,2,0.26%,0,0,0,0,,,,,,,,,,,,,,,,,,,,,,
F_s2,5,,S,,S,1,,2,,A,,S,s,0,1,#N/A,42,7,3,2,0.11%,0,0,0,1,,,,,,,,,,,,,,,,,,,,,,
F_6_s2,5,,6,,S,1,,2,,A,,S,s,0,2,#N/A,5,7,4,2,0.01%,0,0,0,1,,,,,,,,,,,,,,,,,,,,,,
F_6_s#4,5,,6,,S,1,,S,,A,,4,s,0,2,#N/A,2,7,4,2,0.01%,0,0,0,1,,,,,,,,,,,,,,,,,,,,,,
F_s#4,5,,S,,S,1,,S,,A,,4,s,0,1,#N/A,1,7,3,2,0.00%,0,0,0,1,,,,,,,,,,,,,,,,,,,,,,
F_aug,,L,A,,S,1,,S,,3,,S,s,1,1,#N/A,0,7,2,2,0.00%,0,1,0,1,,,,,,,,,,,,,,,,,,,,,,
F_M7,5,,S,,7,1,,S,,3,,S,s,0,1,#N/A,1330,7,4,2,3.45%,0,0,0,0,,,,,,,,,,,,,,,,,,,,,,
F_M9,5,,S,,7,1,,T,,3,,S,s,0,2,#N/A,334,7,5,2,0.87%,0,0,0,0,,,,,,,,,,,,,,,,,,,,,,
F_M#11,5,,S,,7,1,,S,,3,,T,s,0,2,#N/A,13,7,5,2,0.03%,0,0,0,0,,,,,,,,,,,,,,,,,,,,,,
F_M13,5,,T,,7,1,,S,,3,,S,s,0,2,#N/A,42,7,5,2,0.11%,0,0,0,0,,,,,,,,,,,,,,,,,,,,,,
F_M9_#11,5,,S,,7,1,,T,,3,,T,s,0,3,#N/A,3,7,6,2,0.01%,0,0,0,0,,,,,,,,,,,,,,,,,,,,,,
F_M#11_13,5,,T,,7,1,,S,,3,,T,s,0,3,#N/A,6,7,6,2,0.02%,0,0,0,0,,,,,,,,,,,,,,,,,,,,,,
F_M7_s2,5,,S,,7,1,,2,,A,,S,s,0,2,#N/A,20,7,4,2,0.05%,0,0,0,1,,,,,,,,,,,,,,,,,,,,,,
F_M#11_s2,5,,S,,7,1,,2,,A,,T,s,0,3,#N/A,0,7,5,2,0.00%,0,0,0,1,,,,,,,,,,,,,,,,,,,,,,
F_M13_s2,5,,T,,7,1,,2,,A,,S,s,0,3,#N/A,0,7,5,2,0.00%,0,0,0,1,,,,,,,,,,,,,,,,,,,,,,
F_M7_s#4,5,,S,,7,1,,S,,A,,4,s,0,2,#N/A,0,7,4,2,0.00%,0,0,0,1,,,,,,,,,,,,,,,,,,,,,,
F_M9_s#4,5,,S,,7,1,,T,,A,,4,s,0,3,#N/A,0,7,5,2,0.00%,0,0,0,1,,,,,,,,,,,,,,,,,,,,,,
F_M13_s#4,5,,T,,7,1,,S,,A,,4,s,0,3,#N/A,0,7,5,2,0.00%,0,0,0,1,,,,,,,,,,,,,,,,,,,,,,
F_Pen,5,,T,,S,1,,T,,3,,S,s,0,2,#N/A,40,7,5,2,0.10%,0,0,0,0,,,,,,,,,,,,,,,,,,,,,,
F_aug_M7,,L,A,,7,1,,S,,3,,S,s,1,2,#N/A,0,7,3,2,0.00%,0,1,0,1,,,,,,,,,,,,,,,,,,,,,,
F_aug_M9,,L,A,,7,1,,T,,3,,S,s,1,3,#N/A,0,7,4,2,0.00%,0,1,0,1,,,,,,,,,,,,,,,,,,,,,,
F_aug_M#11,,L,A,,7,1,,S,,3,,T,s,1,3,#N/A,0,7,4,2,0.00%,0,1,0,1,,,,,,,,,,,,,,,,,,,,,,
F_(#2),5,,S,,S,1,,,A,3,,S,s,1,0,F,2,7,3,3,0.01%,0,0,0,1,,,,,,,,,,,,,,,,,,,,,,
F_6_(#2),5,,6,,S,1,,,A,3,,S,s,1,1,F,0,7,4,3,0.00%,0,0,0,1,,,,,,,,,,,,,,,,,,,,,,
F_aug_(#2),,L,A,,S,1,,,A,3,,S,s,2,1,F,0,7,2,3,0.00%,0,1,0,2,,,,,,,,,,,,,,,,,,,,,,
F_M7_(#2),5,,S,,7,1,,,A,3,,S,s,1,1,F,0,7,4,3,0.00%,0,0,0,1,,,,,,,,,,,,,,,,,,,,,,
F_M#11_(#2),5,,S,,7,1,,,A,3,,T,s,1,2,F,0,7,5,3,0.00%,0,0,0,1,,,,,,,,,,,,,,,,,,,,,,
F_M13_(#2),5,,T,,7,1,,,A,3,,S,s,1,2,F,0,7,5,3,0.00%,0,0,0,1,,,,,,,,,,,,,,,,,,,,,,
F_aug_M7_(#2),,L,A,,7,1,,,A,3,,S,s,2,2,F,0,7,3,3,0.00%,0,1,0,2,,,,,,,,,,,,,,,,,,,,,,
F_aug_M#11_(#2),,L,A,,7,1,,,A,3,,T,s,2,3,F,0,7,4,3,0.00%,0,1,0,2,,,,,,,,,,,,,,,,,,,,,,
F_(7),5,,S,S,,1,,S,,3,A,,ms,2,0,#N/A,22,7,3,2,0.06%,0,0,0,1,,,,,,,,,,,,,,,,,,,,,,
F_(11),5,,S,,S,1,,S,,3,A,,ms,1,0,#N/A,22,7,3,2,0.06%,0,0,0,1,,,,,,,,,,,,,,,,,,,,,,
F_2_(11),5,,S,,S,1,,2,,3,A,,ms,1,1,#N/A,4,7,4,2,0.01%,0,0,0,1,,,,,,,,,,,,,,,,,,,,,,
F_6_(11),5,,6,,S,1,,S,,3,A,,ms,1,1,#N/A,1,7,4,2,0.00%,0,0,0,1,,,,,,,,,,,,,,,,,,,,,,
F_s2_(11),5,,S,,S,1,,2,,A,S,,ms,1,1,#N/A,2,7,3,2,0.01%,0,0,0,1,,,,,,,,,,,,,,,,,,,,,,
F_s4_(11),5,,S,,S,1,,S,,A,4,,ms,1,1,#N/A,2,7,3,2,0.01%,0,0,0,1,,,,,,,,,,,,,,,,,,,,,,
F_2_s4_(11),5,,S,,S,1,,2,,A,4,,ms,1,2,#N/A,0,7,4,2,0.00%,0,0,0,1,,,,,,,,,,,,,,,,,,,,,,
F_aug_(11),,L,A,,S,1,,S,,3,A,,ms,2,1,Bb,0,7,2,3,0.00%,0,1,0,2,,,,,,,,,,,,,,,,,,,,,,
F_M7_(11),5,,S,,7,1,,S,,3,A,,ms,1,1,#N/A,3,7,4,2,0.01%,0,0,0,1,,,,,,,,,,,,,,,,,,,,,,
F_M9_(11),5,,S,,7,1,,T,,3,A,,ms,1,2,#N/A,0,7,5,2,0.00%,0,0,0,1,,,,,,,,,,,,,,,,,,,,,,
F_M11,5,,S,,7,1,,S,,3,T,,ms,1,2,#N/A,0,7,5,2,0.00%,0,0,0,0,,,,,,,,,,,,,,,,,,,,,,
F_M13_(11),5,,T,,7,1,,S,,3,A,,ms,1,2,#N/A,0,7,5,2,0.00%,0,0,0,1,,,,,,,,,,,,,,,,,,,,,,
F_M7_s2_(11),5,,S,,7,1,,2,,A,S,,ms,1,2,#N/A,0,7,4,2,0.00%,0,0,0,1,,,,,,,,,,,,,,,,,,,,,,
F_M11_s2,5,,S,,7,1,,2,,A,T,,ms,1,3,#N/A,0,7,5,2,0.00%,0,0,0,1,,,,,,,,,,,,,,,,,,,,,,
F_M13_s2_(11),5,,T,,7,1,,2,,A,S,,ms,1,3,#N/A,0,7,5,2,0.00%,0,0,0,1,,,,,,,,,,,,,,,,,,,,,,
F_M7_s4_(11),5,,S,,7,1,,S,,A,4,,ms,1,2,#N/A,0,7,4,2,0.00%,0,0,0,1,,,,,,,,,,,,,,,,,,,,,,
F_M9_s4_(11),5,,S,,7,1,,T,,A,4,,ms,1,3,#N/A,0,7,5,2,0.00%,0,0,0,1,,,,,,,,,,,,,,,,,,,,,,
F_M13_s4_(11),5,,T,,7,1,,S,,A,4,,ms,1,3,#N/A,0,7,5,2,0.00%,0,0,0,1,,,,,,,,,,,,,,,,,,,,,,
F_aug_M7_(11),,L,A,,7,1,,S,,3,A,,ms,2,2,Bb,0,7,3,3,0.00%,0,1,0,2,,,,,,,,,,,,,,,,,,,,,,
F_aug_M9_(11),,L,A,,7,1,,T,,3,A,,ms,2,3,Bb,0,7,4,3,0.00%,0,1,0,2,,,,,,,,,,,,,,,,,,,,,,
F_7,5,,S,7,,1,,S,,3,A,,ms,2,1,#N/A,25,7,4,2,0.06%,0,0,0,1,,,,,,,,,,,,,,,,,,,,,,
F_9,5,,S,7,,1,,T,,3,A,,ms,2,2,#N/A,8,7,5,2,0.02%,0,0,0,1,,,,,,,,,,,,,,,,,,,,,,
F_b9,5,,S,7,,1,T,,,3,A,,ms,3,2,F#,0,7,5,3,0.00%,0,0,0,1,,,,,,,,,,,,,,,,,,,,,,
F_#9,5,,S,7,,1,,S,T,3,A,,ms,3,2,#N/A,0,8,5,4,0.00%,2,0,0,1,,,,,,,,,,,,,,,,,,,,,,
F_b9_#9,5,,S,7,,1,T,,T,3,A,,ms,4,3,F#,0,8,6,4,0.00%,1,0,0,1,,,,,,,,,,,,,,,,,,,,,,
F_9_s4,5,,S,7,,1,,T,,A,4,,ms,2,3,#N/A,11,7,5,2,0.03%,0,0,0,1,,,,,,,,,,,,,,,,,,,,,,
F_#11,5,,S,7,,1,,S,,3,,T,ms,1,2,#N/A,0,7,5,2,0.00%,0,0,0,0,,,,,,,,,,,,,,,,,,,,,,
F_13,5,,T,7,,1,,S,,3,A,,ms,2,2,#N/A,0,7,5,2,0.00%,0,0,0,1,,,,,,,,,,,,,,,,,,,,,,
F_13_b9,5,,T,7,,1,T,,,3,A,,ms,3,3,F#,0,7,6,3,0.00%,0,0,0,1,,,,,,,,,,,,,,,,,,,,,,
F_b13,5,T,,7,,1,,S,,3,A,,ms,3,2,#N/A,0,7,5,2,0.00%,0,0,0,1,,,,,,,,,,,,,,,,,,,,,,
F_Mix,5,,T,7,,1,,T,,3,A,,ms,2,3,#N/A,0,7,6,2,0.00%,0,0,1,1,,,,,,,,,,,,,,,,,,,,,,
F_Hmp5,5,T,,7,,1,T,,,3,A,,ms,4,3,F#,0,7,6,3,0.00%,0,0,1,1,,,,,,,,,,,,,,,,,,,,,,
F_Alt,S,T,,7,,1,T,,T,3,,T,ms,4,5,A,0,8,7,4,0.00%,1,0,1,0,,,,,,,,,,,,,,,,,,,,,,
F_L7,5,,T,7,,1,,T,,3,,T,ms,1,4,#N/A,0,7,7,2,0.00%,0,0,1,0,,,,,,,,,,,,,,,,,,,,,,
F_CD,5,,T,7,,1,T,,T,3,,T,ms,3,5,#N/A,0,8,8,4,0.00%,0,0,1,0,,,,,,,,,,,,,,,,,,,,,,
F_WT,S,T,,7,,1,,T,,3,,T,ms,2,4,#N/A,0,7,6,2,0.00%,1,0,1,0,,,,,,,,,,,,,,,,,,,,,,
F_7_s4,5,,S,7,,1,,S,,A,4,,ms,2,2,#N/A,10,7,4,2,0.03%,0,0,0,1,,,,,,,,,,,,,,,,,,,,,,
F_b9_s4,5,,S,7,,1,T,,,A,4,,ms,3,3,F#,0,7,5,3,0.00%,0,0,0,1,,,,,,,,,,,,,,,,,,,,,,
F_#9_s4,5,,S,7,,1,,S,T,A,4,,ms,3,3,#N/A,0,8,5,4,0.00%,2,0,0,1,,,,,,,,,,,,,,,,,,,,,,
F_b9_#9_s4,5,,S,7,,1,T,,T,A,4,,ms,4,4,F#,0,8,6,4,0.00%,1,0,0,1,,,,,,,,,,,,,,,,,,,,,,
F_13_s4,5,,T,7,,1,,S,,A,4,,ms,2,3,#N/A,0,7,5,2,0.00%,0,0,0,1,,,,,,,,,,,,,,,,,,,,,,
F_13_b9_s4,5,,T,7,,1,T,,,A,4,,ms,3,4,F#,0,7,6,3,0.00%,0,0,0,1,,,,,,,,,,,,,,,,,,,,,,
F_b13_s4,5,T,,7,,1,,S,,A,4,,ms,3,3,#N/A,0,7,5,2,0.00%,0,0,0,1,,,,,,,,,,,,,,,,,,,,,,
F_Mix_s4,5,,T,7,,1,,T,,A,4,,ms,2,4,#N/A,0,7,6,2,0.00%,0,0,1,1,,,,,,,,,,,,,,,,,,,,,,
F_Hmp5_s4 ,5,T,,7,,1,T,,,A,4,,ms,4,4,F#,0,7,6,3,0.00%,0,0,1,1,,,,,,,,,,,,,,,,,,,,,,
F_aug_7,,L,A,7,,1,,S,,3,A,,ms,3,2,Bb,0,7,3,3,,1,1,0,2,,,,,,,,,,,,,,,,,,,,,,
F_aug_9,,L,A,7,,1,,T,,3,A,,ms,3,3,Bb,0,7,4,3,,1,1,0,2,,,,,,,,,,,,,,,,,,,,,,
F_It,S,,,L,A,1,,S,,3,,S,26,1,1,C,1,7,2,3,0.00%,1,0,0,1,,,,,,,,,,,,,,,,,,,,,,
F_Gr,5,,,L,A,1,,S,,3,,S,26,1,1,C,11,7,3,3,0.03%,1,0,0,1,,,,,,,,,,,,,,,,,,,,,,
F_Gr_9,5,,,L,A,1,,T,,3,,S,26,1,2,C,2,7,4,3,0.01%,1,0,0,1,,,,,,,,,,,,,,,,,,,,,,
F_Gr_#11,5,,,L,A,1,,S,,3,,T,26,1,2,C,0,7,4,3,0.00%,1,0,0,1,,,,,,,,,,,,,,,,,,,,,,
F_Gr_13,5,,T,L,,1,,S,,3,,T,26,1,3,#N/A,0,7,5,2,0.00%,0,0,0,0,,,,,,,,,,,,,,,,,,,,,,
F_Fr,S,,,L,A,1,,S,,3,,5,26,1,1,C,0,7,3,3,0.00%,1,0,0,1,,,,,,,,,,,,,,,,,,,,,,
Fm,5,,S,,S,1,,S,3,,,S,ms,1,0,Ab,66,7,3,3,0.17%,0,0,0,0,,,,,,,,,,,,,,,,,,,,,,
Fm_2,5,,S,,S,1,,2,3,,,S,ms,1,1,Ab,1,7,4,3,0.00%,0,0,0,0,,,,,,,,,,,,,,,,,,,,,,
Fm_6,5,,6,,S,1,,S,3,,,S,ms,1,1,Ab,115,7,4,3,0.30%,0,0,0,0,,,,,,,,,,,,,,,,,,,,,,
Fm_s2,5,,S,,S,1,,2,A,,,S,ms,1,1,Ab,0,7,3,3,0.00%,0,0,0,1,,,,,,,,,,,,,,,,,,,,,,
Fm_M7,5,,S,,7,1,,S,3,,,S,ms,1,1,Ab,14,7,4,3,0.04%,0,0,0,0,,,,,,,,,,,,,,,,,,,,,,
Fm_M9,5,,S,,7,1,,T,3,,,S,ms,1,2,Ab,2,7,5,3,0.01%,0,0,0,0,,,,,,,,,,,,,,,,,,,,,,
Fm_M#11,5,,S,,7,1,,S,3,,,T,ms,1,2,Ab,0,7,5,3,0.00%,0,0,0,0,,,,,,,,,,,,,,,,,,,,,,
Fm_M13,5,,T,,7,1,,S,3,,,S,ms,1,2,Ab,4,7,5,3,0.01%,0,0,0,0,,,,,,,,,,,,,,,,,,,,,,
Fm_M7_s2,5,,S,,7,1,,2,A,,,S,ms,1,2,Ab,0,7,4,3,0.00%,0,0,0,1,,,,,,,,,,,,,,,,,,,,,,
Fm_M#11_s2,5,,S,,7,1,,2,A,,,T,ms,1,3,Ab,0,7,5,3,0.00%,0,0,0,1,,,,,,,,,,,,,,,,,,,,,,
Fm_(11),5,,S,,S,1,,S,3,,S,,ms,2,0,#N/A,4,7,3,2,0.01%,0,0,0,0,,,,,,,,,,,,,,,,,,,,,,
Fm_2_(11),5,,S,,S,1,,2,3,,S,,ms,2,1,#N/A,0,7,4,2,0.00%,0,0,0,0,,,,,,,,,,,,,,,,,,,,,,
Fm_6_(11),5,,6,,S,1,,S,3,,S,,ms,2,1,#N/A,2,7,4,2,0.01%,0,0,0,0,,,,,,,,,,,,,,,,,,,,,,
Fm_s2_(11),5,,S,,S,1,,2,A,,S,,ms,2,1,#N/A,0,7,3,2,0.00%,0,0,0,1,,,,,,,,,,,,,,,,,,,,,,
Fm_M7_(11),5,,S,,7,1,,S,3,,S,,ms,2,1,#N/A,0,7,4,2,0.00%,0,0,0,0,,,,,,,,,,,,,,,,,,,,,,
Fm_M9_(11),5,,S,,7,1,,T,3,,S,,ms,2,2,#N/A,1,7,5,2,0.00%,0,0,0,0,,,,,,,,,,,,,,,,,,,,,,
Fm_M11,5,,S,,7,1,,S,3,,T,,ms,2,2,#N/A,0,7,5,2,0.00%,0,0,0,0,,,,,,,,,,,,,,,,,,,,,,
Fm_M13_(11),5,,T,,7,1,,S,3,,S,,ms,2,2,#N/A,0,7,5,2,0.00%,0,0,0,0,,,,,,,,,,,,,,,,,,,,,,
Fm_M7_s2_(11),5,,S,,7,1,,2,A,,S,,ms,2,2,#N/A,0,7,4,2,0.00%,0,0,0,1,,,,,,,,,,,,,,,,,,,,,,
Fm_M11_s2,5,,S,,7,1,,2,A,,T,,ms,2,3,#N/A,0,7,5,2,0.00%,0,0,0,1,,,,,,,,,,,,,,,,,,,,,,
Fm_(7),5,,A,S,,1,,S,3,,S,,ms,3,0,#N/A,2,7,3,2,0.01%,0,0,0,1,,,,,,,,,,,,,,,,,,,,,,
Fm_7,5,,A,7,,1,,S,3,,S,,ms,3,1,#N/A,19,7,4,2,0.05%,0,0,0,1,,,,,,,,,,,,,,,,,,,,,,
Fm_9,5,,A,7,,1,,T,3,,S,,ms,3,2,#N/A,3,7,5,2,0.01%,0,0,0,1,,,,,,,,,,,,,,,,,,,,,,
Fm_11,5,,A,7,,1,,S,3,,T,,ms,3,2,#N/A,1,7,5,2,0.00%,0,0,0,1,,,,,,,,,,,,,,,,,,,,,,
Fm_7_s2,5,,A,7,,1,,2,S,,S,,ms,3,2,#N/A,0,7,4,2,0.00%,0,0,0,1,,,,,,,,,,,,,,,,,,,,,,
Fm_7_s4,5,,A,7,,1,,S,S,,4,,ms,3,2,#N/A,1,7,4,2,0.00%,0,0,0,1,,,,,,,,,,,,,,,,,,,,,,
Fm_9_s4,5,,A,7,,1,,T,S,,4,,ms,3,3,#N/A,0,7,5,2,0.00%,0,0,0,1,,,,,,,,,,,,,,,,,,,,,,
Fm_aug_7,,L,A,7,,1,,S,3,,S,,ms,4,2,#N/A,2,7,3,3,0.01%,1,1,0,1,,,,,,,,,,,,,,,,,,,,,,
Fm_aug_9,,L,A,7,,1,,T,3,,S,,ms,4,3,#N/A,0,7,4,3,0.00%,1,1,0,1,,,,,,,,,,,,,,,,,,,,,,
Fm_aug_11,,L,A,7,,1,,S,3,,T,,ms,4,3,#N/A,0,7,4,3,0.00%,1,1,0,1,,,,,,,,,,,,,,,,,,,,,,
Fm_(b6),5,A,,S,,1,,S,3,,S,,tp,4,0,#N/A,0,7,3,2,0.00%,0,0,0,1,,,,,,,,,,,,,,,,,,,,,,
Fm_2_(b6),5,A,,S,,1,,2,3,,S,,tp,4,1,#N/A,0,7,4,2,0.00%,0,0,0,1,,,,,,,,,,,,,,,,,,,,,,
Fm_4_(b6),5,A,,S,,1,,S,3,,4,,tp,4,1,#N/A,0,7,4,2,0.00%,0,0,0,1,,,,,,,,,,,,,,,,,,,,,,
Fm_s2_(b6),5,A,,S,,1,,2,S,,S,,tp,4,1,#N/A,0,7,3,2,0.00%,0,0,0,1,,,,,,,,,,,,,,,,,,,,,,
Fm_2_s4_(b6),5,A,,S,,1,,2,S,,4,,tp,4,2,#N/A,0,7,4,2,0.00%,0,0,0,1,,,,,,,,,,,,,,,,,,,,,,
Fm_s4_(b6),5,A,,S,,1,,S,S,,4,,tp,4,1,#N/A,0,7,3,2,0.00%,0,0,0,1,,,,,,,,,,,,,,,,,,,,,,
Fm_7_(b6),5,A,,7,,1,,S,3,,S,,tp,4,1,#N/A,0,7,4,2,0.00%,0,0,0,1,,,,,,,,,,,,,,,,,,,,,,
Fm_9_(b6),5,A,,7,,1,,T,3,,S,,tp,4,2,#N/A,0,7,5,2,0.00%,0,0,0,1,,,,,,,,,,,,,,,,,,,,,,
Fm_11_(b6),5,A,,7,,1,,S,3,,T,,tp,4,2,#N/A,0,7,5,2,0.00%,0,0,0,1,,,,,,,,,,,,,,,,,,,,,,
Fm_Aeo,5,A,,7,,1,,T,3,,T,,tp,4,3,#N/A,0,7,6,2,0.00%,0,0,0,1,,,,,,,,,,,,,,,,,,,,,,
Fm_7_s2_(b6),5,A,,7,,1,,2,S,,S,,tp,4,2,#N/A,0,7,4,2,0.00%,0,0,0,1,,,,,,,,,,,,,,,,,,,,,,
Fm_11_s2_(b6),5,A,,7,,1,,2,S,,T,,tp,4,3,#N/A,0,7,5,2,0.00%,0,0,0,1,,,,,,,,,,,,,,,,,,,,,,
Fm_7_s4_(b6),5,A,,7,,1,,S,S,,4,,tp,4,2,#N/A,0,7,4,2,0.00%,0,0,0,1,,,,,,,,,,,,,,,,,,,,,,
Fm_9_s4_(b6),5,A,,7,,1,,T,S,,4,,tp,4,3,#N/A,0,7,5,2,0.00%,0,0,0,1,,,,,,,,,,,,,,,,,,,,,,
Fm_(uadr),5,,S,S,,1,,S,3,,,S,ms,2,0,Ab,0,7,3,3,0.00%,0,0,0,0,,,,,,,,,,,,,,,,,,,,,,
Fhdim,,S,,7,,1,,S,3,,S,5,ms,4,1,#N/A,0,7,4,2,0.00%,0,0,0,0,,,,,,,,,,,,,,,,,,,,,,
F#,,5,S,,S,,1,S,,,3,A,2d,3,0,G,3,7,3,3,0.01%,0,0,0,1,,,,,,,,,,,,,,,,,,,,,,
F#m,,5,S,,S,,1,A,,3,,S,2l,2,0,#N/A,0,7,3,2,0.00%,0,0,0,1,,,,,,,,,,,,,,,,,,,,,,
F#m_7,,5,S,,7,,1,A,,3,,S,2l,2,1,#N/A,1,7,4,2,0.00%,0,0,0,1,,,,,,,,,,,,,,,,,,,,,,
F#m_(2),,5,,A,S,,1,,S,3,,S,sp,4,0,#N/A,0,7,3,2,0.00%,0,0,0,1,,,,,,,,,,,,,,,,,,,,,,
F#m_2,,5,,A,S,,1,,2,3,,S,sp,4,1,#N/A,0,7,4,2,0.00%,0,0,0,1,,,,,,,,,,,,,,,,,,,,,,
F#m_4_(2),,5,,A,S,,1,,S,3,,4,sp,4,1,#N/A,0,7,4,2,0.00%,0,0,0,1,,,,,,,,,,,,,,,,,,,,,,
F#m_s2,,5,,A,S,,1,,2,S,,S,sp,4,1,#N/A,0,7,3,2,0.00%,0,0,0,1,,,,,,,,,,,,,,,,,,,,,,
F#m_s4_(2),,5,,A,S,,1,,S,S,,4,sp,4,1,#N/A,0,7,3,2,0.00%,0,0,0,1,,,,,,,,,,,,,,,,,,,,,,
F#m_2_s4,,5,,A,S,,1,,T,S,,4,sp,4,2,#N/A,0,7,4,2,0.00%,0,0,0,1,,,,,,,,,,,,,,,,,,,,,,
F#m_aug_(2),,,L,A,S,,1,,S,3,,S,asp,3,1,#N/A,0,7,2,3,0.00%,1,1,0,1,,,,,,,,,,,,,,,,,,,,,,
F#m_M7_(2),,5,,S,,7,1,,S,3,,S,msp,4,1,#N/A,0,7,4,2,0.00%,0,0,0,0,,,,,,,,,,,,,,,,,,,,,,
F#m_7_(2),,5,,A,7,,1,,S,3,,S,sp,4,1,#N/A,0,7,4,2,0.00%,0,0,0,1,,,,,,,,,,,,,,,,,,,,,,
F#m_9,,5,,A,7,,1,,T,3,,S,sp,4,2,#N/A,0,7,5,2,0.00%,0,0,0,1,,,,,,,,,,,,,,,,,,,,,,
F#m_11_(2),,5,,A,7,,1,,S,3,,T,sp,4,2,#N/A,0,7,5,2,0.00%,0,0,0,1,,,,,,,,,,,,,,,,,,,,,,
F#m_13_(2),,5,,T,7,,1,,S,3,,S,sp,4,2,#N/A,0,7,5,2,0.00%,0,0,0,0,,,,,,,,,,,,,,,,,,,,,,
F#m_7_s2,,5,,A,7,,1,,T,2,,S,sp,4,3,#N/A,0,7,5,2,0.00%,0,0,0,1,,,,,,,,,,,,,,,,,,,,,,
F#m_11_s2,,5,,A,7,,1,,T,2,,T,sp,4,4,#N/A,0,7,6,2,0.00%,0,0,0,1,,,,,,,,,,,,,,,,,,,,,,
F#m_7_s4_(2),,5,,A,7,,1,,S,S,,4,sp,4,2,#N/A,0,7,4,2,0.00%,0,0,0,1,,,,,,,,,,,,,,,,,,,,,,
F#m_9_s4,,5,,A,7,,1,,T,S,,4,sp,4,3,#N/A,0,7,5,2,0.00%,0,0,0,1,,,,,,,,,,,,,,,,,,,,,,
F#m_aug_7_(2),,,L,A,7,,1,,S,3,,S,asp,3,2,#N/A,0,7,3,3,0.00%,1,1,0,1,,,,,,,,,,,,,,,,,,,,,,
F#m_aug_9,,,L,A,7,,1,,T,3,,S,asp,3,3,#N/A,0,7,4,3,0.00%,1,1,0,1,,,,,,,,,,,,,,,,,,,,,,
F#m_aug_11_(2),,,L,A,7,,1,,S,3,,T,asp,3,3,#N/A,0,7,4,3,0.00%,1,1,0,1,,,,,,,,,,,,,,,,,,,,,,
F#hdim,5,,S,,7,,1,S,,3,,S,2l,1,1,#N/A,87,7,4,2,0.23%,0,0,0,0,,,,,,,,,,,,,,,,,,,,,,
F#hdim_b9,5,,S,,7,,1,T,,3,,S,2l,1,2,#N/A,2,7,5,2,0.01%,0,0,0,0,,,,,,,,,,,,,,,,,,,,,,
F#dim,5,,S,7,,,1,A,,3,,S,2l,2,1,Eb,25,7,4,3,0.06%,0,0,0,1,,,,,,,,,,,,,,,,,,,,,,
Gb_It,S,S,,,L,A,1,,S,,3,,26,4,1,C#,0,7,2,3,0.00%,1,0,0,1,,,,,,,,,,,,,,,,,,,,,,
Gb_Gr,S,5,,,L,A,1,,S,,3,,26,4,1,C#,1,7,3,3,0.00%,1,0,0,1,,,,,,,,,,,,,,,,,,,,,,
Gb_Gr_9,S,5,,,L,A,1,,T,,3,,26,4,2,C#,0,7,4,3,0.00%,1,0,0,1,,,,,,,,,,,,,,,,,,,,,,
Gb_Gr_#11,T,5,,,L,A,1,,S,,3,,26,4,2,C#,0,7,4,3,0.00%,1,0,0,1,,,,,,,,,,,,,,,,,,,,,,
Gb_Gr_13,T,5,,T,L,,1,,S,,3,,26,5,3,#N/A,0,7,5,2,0.00%,0,0,0,0,,,,,,,,,,,,,,,,,,,,,,
Gb_Fr,5,S,,,L,A,1,,S,,3,,26,4,1,C#,3,7,3,3,0.01%,1,0,0,1,,,,,,,,,,,,,,,,,,,,,,
G,A,,5,,S,S,,1,,S,,3,d,0,0,#N/A,5053,7,3,2,13.11%,0,0,0,1,,,,,,,,,,,,,,,,,,,,,,
G_s2,S,,5,,S,S,,1,,2,,A,d,0,1,#N/A,32,7,3,2,0.08%,0,0,0,1,,,,,,,,,,,,,,,,,,,,,,
G_s4,4,,5,,S,S,,1,,S,,A,D,0,1,#N/A,298,7,3,2,0.77%,0,0,0,1,,,,,,,,,,,,,,,,,,,,,,
G_aug,A,,,L,A,S,,1,,S,,3,ad,1,1,C,7,7,2,3,0.02%,1,1,0,2,,,,,,,,,,,,,,,,,,,,,,
G_v46,4,,S,,6,S,,1,,S,,A,D,0,2,#N/A,192,7,3,2,0.50%,0,0,0,1,,,,,,,,,,,,,,,,,,,,,,
G_2,A,,5,,S,S,,1,,2,,3,D,0,1,#N/A,76,7,4,2,0.20%,0,0,0,1,,,,,,,,,,,,,,,,,,,,,,
G_4,4,,5,,S,S,,1,,S,,3,D,0,1,#N/A,0,7,4,2,0.00%,0,0,0,0,,,,,,,,,,,,,,,,,,,,,,
G_2_v46,4,,S,,6,S,,1,,2,,A,D,0,3,#N/A,25,7,4,2,0.06%,0,0,0,1,,,,,,,,,,,,,,,,,,,,,,
G_6,A,,5,,6,S,,1,,S,,3,D,0,1,#N/A,152,7,4,2,0.39%,0,0,0,1,,,,,,,,,,,,,,,,,,,,,,
G_6_s2,S,,5,,6,S,,1,,2,,A,D,0,2,#N/A,4,7,4,2,0.01%,0,0,0,1,,,,,,,,,,,,,,,,,,,,,,
G_6_s4,4,,5,,6,S,,1,,S,,A,D,0,2,#N/A,6,7,4,2,0.02%,0,0,0,1,,,,,,,,,,,,,,,,,,,,,,
G_2_s4,4,,5,,S,S,,1,,2,,A,D,0,2,#N/A,11,7,4,2,0.03%,0,0,0,1,,,,,,,,,,,,,,,,,,,,,,
G_7,A,,5,,S,7,,1,,S,,3,D,0,1,#N/A,775,7,4,2,2.01%,0,0,0,1,,,,,,,,,,,,,,,,,,,,,,
G_7_s2,S,,5,,S,7,,1,,2,,A,D,0,2,#N/A,19,7,4,2,0.05%,0,0,0,1,,,,,,,,,,,,,,,,,,,,,,
G_7_v46,4,,S,,6,7,,1,,S,,A,D,0,3,#N/A,0,7,4,2,0.00%,0,0,0,1,,,,,,,,,,,,,,,,,,,,,,
G_9,A,,5,,S,7,,1,,T,,3,D,0,2,#N/A,82,7,5,2,0.21%,0,0,0,1,,,,,,,,,,,,,,,,,,,,,,
G_b9,A,,5,,S,7,,1,T,,,3,md,1,2,Ab,48,7,5,3,0.12%,0,0,0,1,,,,,,,,,,,,,,,,,,,,,,
G_b9_#11,,T,5,,S,7,,1,T,,,3,md,2,3,#N/A,0,7,6,3,0.00%,0,0,0,0,,,,,,,,,,,,,,,,,,,,,,
G_#9,A,,5,,S,7,,1,S,,T,3,D,2,2,Ab,6,8,5,4,0.02%,1,0,0,1,,,,,,,,,,,,,,,,,,,,,,
G_b9_#9,A,,5,,S,7,,1,T,,T,3,md,2,3,Ab,0,8,6,4,0.00%,1,0,0,1,,,,,,,,,,,,,,,,,,,,,,
G_#9_b13,A,,5,T,,7,,1,S,,T,3,md,3,3,Ab,1,8,6,4,0.00%,1,0,0,1,,,,,,,,,,,,,,,,,,,,,,
G_9_s4,4,,5,,S,7,,1,,T,,A,D,0,3,#N/A,363,7,5,2,0.94%,0,0,0,1,,,,,,,,,,,,,,,,,,,,,,
G_#11,,T,5,,S,7,,1,,S,,3,md,1,2,#N/A,0,7,5,2,0.00%,0,0,0,0,,,,,,,,,,,,,,,,,,,,,,
G_7_b5,A,5,,,S,7,,1,,S,,3,md,1,1,C#,1,7,4,3,0.00%,1,0,0,1,,,,,,,,,,,,,,,,,,,,,,
G_13,A,,5,,T,7,,1,,S,,3,D,0,2,#N/A,47,7,5,2,0.12%,0,0,0,1,,,,,,,,,,,,,,,,,,,,,,
G_13_b9,A,,5,,T,7,,1,T,,,3,md,1,3,Ab,2,7,6,3,0.01%,0,0,0,1,,,,,,,,,,,,,,,,,,,,,,
G_b13,A,,5,T,,7,,1,,S,,3,md,1,2,#N/A,1,7,5,2,0.00%,0,0,0,1,,,,,,,,,,,,,,,,,,,,,,
G_7_(mm),A,,5,S,,7,,1,,S,,3,md,1,1,#N/A,4,7,4,2,0.01%,0,0,0,1,,,,,,,,,,,,,,,,,,,,,,
G_Mix,A,,5,,T,7,,1,,T,,3,D,0,3,#N/A,18,7,6,2,0.05%,0,0,1,1,,,,,,,,,,,,,,,,,,,,,,
G_Mix_s4,4,,5,,T,7,,1,,T,,A,D,0,4,#N/A,27,7,6,2,0.07%,0,0,1,1,,,,,,,,,,,,,,,,,,,,,,
G_Pen,A,,5,,T,S,,1,,T,,3,D,0,2,#N/A,25,7,5,2,0.06%,0,0,0,1,,,,,,,,,,,,,,,,,,,,,,
G_Pen_s4,4,,5,,T,S,,1,,T,,A,D,0,3,#N/A,4,7,5,2,0.01%,0,0,0,1,,,,,,,,,,,,,,,,,,,,,,
G_Hmp5,A,,5,T,,7,,1,T,,,3,md,2,3,Ab,2,7,6,3,0.01%,0,0,1,1,,,,,,,,,,,,,,,,,,,,,,
G_Alt,,T,S,T,,7,,1,T,,T,3,md,4,5,B,1,8,7,4,0.00%,1,0,1,0,,,,,,,,,,,,,,,,,,,,,,
G_L7,,T,5,,T,7,,1,,T,,3,md,1,4,#N/A,0,7,7,2,0.00%,0,0,1,0,,,,,,,,,,,,,,,,,,,,,,
G_CD,,T,5,,T,7,,1,T,,T,3,md,3,5,#N/A,0,8,8,4,0.00%,0,0,1,0,,,,,,,,,,,,,,,,,,,,,,
G_WT,,T,S,T,,7,,1,,T,,3,md,2,4,#N/A,0,7,6,2,0.00%,1,0,1,0,,,,,,,,,,,,,,,,,,,,,,
G_7_s4,4,,5,,S,7,,1,,S,,A,D,0,2,#N/A,119,7,4,2,0.31%,0,0,0,1,,,,,,,,,,,,,,,,,,,,,,
G_b9_s4,4,,5,,S,7,,1,T,,,A,md,1,3,Ab,19,7,5,3,0.05%,0,0,0,1,,,,,,,,,,,,,,,,,,,,,,
G_b9_#11_s4,4,T,5,,S,7,,1,T,,,A,md,2,4,C#,1,8,6,5,0.00%,2,0,0,1,,,,,,,,,,,,,,,,,,,,,,
G_#9_s4,4,,5,,S,7,,1,S,,T,A,md,2,3,Ab,3,8,5,4,0.01%,1,0,0,1,,,,,,,,,,,,,,,,,,,,,,
G_b9_#9_s4,4,,5,,S,7,,1,T,,,A,md,1,3,Ab,0,7,5,3,0.00%,0,0,0,1,,,,,,,,,,,,,,,,,,,,,,
G_13_s4,4,,5,,T,7,,1,,S,,A,D,0,3,#N/A,5,7,5,2,0.01%,0,0,0,1,,,,,,,,,,,,,,,,,,,,,,
G_13_b9_s4,4,,5,,T,7,,1,T,,,A,md,1,4,Ab,6,7,6,3,0.02%,0,0,0,1,,,,,,,,,,,,,,,,,,,,,,
G_b13_s4,4,,5,T,,7,,1,,S,,A,md,1,3,#N/A,0,7,5,2,0.00%,0,0,0,1,,,,,,,,,,,,,,,,,,,,,,
G_Hmp5_s4 ,4,,5,T,,7,,1,T,,,A,md,2,4,Ab,0,7,6,3,0.00%,0,0,1,1,,,,,,,,,,,,,,,,,,,,,,
G_aug_7,A,,,L,A,7,,1,,S,,3,md,1,2,C,2,7,3,3,0.01%,1,1,0,2,,,,,,,,,,,,,,,,,,,,,,
G_aug_9,A,,,L,A,7,,1,,T,,3,md,1,3,C,0,7,4,3,0.00%,1,1,0,2,,,,,,,,,,,,,,,,,,,,,,
G_(b9),A,,5,,S,S,,1,S,,,3,md,1,0,Ab,10,7,3,3,0.03%,0,0,0,1,,,,,,,,,,,,,,,,,,,,,,
G_s4_(b9),4,,5,,S,S,,1,S,,,A,md,1,1,Ab,6,7,3,3,0.02%,0,0,0,1,,,,,,,,,,,,,,,,,,,,,,
G_aug_(b9),A,,,L,A,S,,1,S,,,3,md,2,1,E,0,7,2,4,0.00%,1,1,0,2,,,,,,,,,,,,,,,,,,,,,,
G_v46_(b9),4,,S,,6,S,,1,S,,,A,md,1,2,Ab,0,7,3,3,0.00%,0,0,0,1,,,,,,,,,,,,,,,,,,,,,,
G_6_(b9),A,,5,,6,S,,1,S,,,3,md,1,1,Ab,2,7,4,3,0.01%,0,0,0,1,,,,,,,,,,,,,,,,,,,,,,
G_7_(b9),A,,5,,S,7,,1,S,,,3,md,1,1,Ab,4,7,4,3,0.01%,0,0,0,1,,,,,,,,,,,,,,,,,,,,,,
G_#11_(b9),,T,5,,S,7,,1,S,,,3,md,2,2,#N/A,0,7,5,3,0.00%,0,0,0,0,,,,,,,,,,,,,,,,,,,,,,
G_13_(b9),A,,5,,T,7,,1,S,,,3,md,1,2,Ab,0,7,5,3,0.00%,0,0,0,1,,,,,,,,,,,,,,,,,,,,,,
G_b13_(b9),A,,5,T,,7,,1,S,,,3,md,2,2,Ab,0,7,5,3,0.00%,0,0,0,1,,,,,,,,,,,,,,,,,,,,,,
G_7_s4_(b9),4,,5,,S,7,,1,S,,,A,md,1,2,Ab,1,7,4,3,0.00%,0,0,0,1,,,,,,,,,,,,,,,,,,,,,,
G_13_s4_(b9),4,,5,,T,7,,1,S,,,A,md,1,3,Ab,0,7,5,3,0.00%,0,0,0,1,,,,,,,,,,,,,,,,,,,,,,
G_b13_s4_(b9),4,,5,T,,7,,1,S,,,A,md,2,3,Ab,0,7,5,3,0.00%,0,0,0,1,,,,,,,,,,,,,,,,,,,,,,
G_aug_7_(b9),A,,,L,A,7,,1,S,,,3,md,2,2,E,0,7,3,4,0.00%,1,1,0,2,,,,,,,,,,,,,,,,,,,,,,
G_aug_b9,A,,,L,A,7,,1,T,,,3,md,2,3,E,0,7,4,4,0.00%,1,1,0,2,,,,,,,,,,,,,,,,,,,,,,
G_(M7),A,,5,,S,,S,1,,S,,3,mt,1,0,#N/A,3,7,3,2,0.01%,0,0,0,1,,,,,,,,,,,,,,,,,,,,,,
G_2_(M7),A,,5,,S,,S,1,,2,,3,mt,1,1,#N/A,0,7,4,2,0.00%,0,0,0,1,,,,,,,,,,,,,,,,,,,,,,
G_2_b6_s4_(M7),4,,S,6,,,S,1,,2,,A,mt,2,3,Eb,0,7,4,3,0.00%,0,0,0,1,,,,,,,,,,,,,,,,,,,,,,
G_6_(M7),A,,5,,6,,S,1,,S,,3,mt,1,1,#N/A,0,7,4,2,0.00%,0,0,0,1,,,,,,,,,,,,,,,,,,,,,,
G_s2_(M7),S,,5,,S,,S,1,,2,,A,mt,1,1,#N/A,0,7,3,2,0.00%,0,0,0,1,,,,,,,,,,,,,,,,,,,,,,
G_s4_(M7),4,,5,,S,,S,1,,S,,A,mt,1,1,#N/A,0,7,3,2,0.00%,0,0,0,1,,,,,,,,,,,,,,,,,,,,,,
G_v46_(M7),4,,S,,6,,S,1,,S,,A,mt,1,2,#N/A,0,7,3,2,0.00%,0,0,0,1,,,,,,,,,,,,,,,,,,,,,,
G_2_s4_(M7),4,,5,,S,,S,1,,2,,A,mt,1,2,#N/A,0,7,4,2,0.00%,0,0,0,1,,,,,,,,,,,,,,,,,,,,,,
G_aug_(M7),A,,,L,A,,S,1,,S,,3,mt,2,1,C,0,7,2,3,0.00%,0,1,0,2,,,,,,,,,,,,,,,,,,,,,,
G_M7,A,,5,,S,,7,1,,S,,3,mt,1,1,#N/A,8,7,4,2,0.02%,0,0,0,1,,,,,,,,,,,,,,,,,,,,,,
G_M9,A,,5,,S,,7,1,,T,,3,mt,1,2,#N/A,0,7,5,2,0.00%,0,0,0,1,,,,,,,,,,,,,,,,,,,,,,
G_M#11,,T,5,,S,,7,1,,S,,3,mt,2,2,#N/A,0,7,5,2,0.00%,0,0,0,0,,,,,,,,,,,,,,,,,,,,,,
G_M13,A,,5,,T,,7,1,,S,,3,mt,1,2,#N/A,0,7,5,2,0.00%,0,0,0,1,,,,,,,,,,,,,,,,,,,,,,
G_Ion,A,,5,,T,,7,1,,T,,3,mt,1,3,#N/A,0,7,6,2,0.00%,0,0,1,1,,,,,,,,,,,,,,,,,,,,,,
G_M7_s2,S,,5,,S,,7,1,,2,,A,mt,1,2,#N/A,0,7,4,2,0.00%,0,0,0,1,,,,,,,,,,,,,,,,,,,,,,
G_M#11_s2,,T,5,,S,,7,1,,2,,A,mt,2,3,#N/A,0,7,5,2,0.00%,0,0,0,1,,,,,,,,,,,,,,,,,,,,,,
G_M13_s2,S,,5,,T,,7,1,,2,,A,mt,1,3,#N/A,0,7,5,2,0.00%,0,0,0,1,,,,,,,,,,,,,,,,,,,,,,
G_M7_s4,4,,5,,S,,7,1,,S,,A,mt,1,2,#N/A,0,7,4,2,0.00%,0,0,0,1,,,,,,,,,,,,,,,,,,,,,,
G_M9_s4,4,,5,,S,,7,1,,T,,A,mt,1,3,#N/A,2,7,5,2,0.01%,0,0,0,1,,,,,,,,,,,,,,,,,,,,,,
G_M13_s4,4,,5,,T,,7,1,,S,,A,mt,1,3,#N/A,0,7,5,2,0.00%,0,0,0,1,,,,,,,,,,,,,,,,,,,,,,
G_aug_M7,A,,,L,A,,7,1,,S,,3,mat,2,2,C,0,7,3,3,0.00%,0,1,0,2,,,,,,,,,,,,,,,,,,,,,,
G_aug_M9,A,,,L,A,,7,1,,T,,3,mat,2,3,C,0,7,4,3,0.00%,0,1,0,2,,,,,,,,,,,,,,,,,,,,,,
Gm,S,,5,,A,S,,1,,S,3,,2s,1,0,#N/A,16,7,3,2,0.04%,0,0,0,1,,,,,,,,,,,,,,,,,,,,,,
Gm_6,S,,5,,6,S,,1,,S,3,,2s,1,1,#N/A,15,7,4,2,0.04%,0,0,0,0,,,,,,,,,,,,,,,,,,,,,,
Gm_7,S,,5,,A,7,,1,,S,3,,2s,1,1,#N/A,114,7,4,2,0.30%,0,0,0,1,,,,,,,,,,,,,,,,,,,,,,
Gm_9,S,,5,,A,7,,1,,T,3,,2s,1,2,#N/A,5,7,5,2,0.01%,0,0,0,1,,,,,,,,,,,,,,,,,,,,,,
Gm_11,T,,5,,A,7,,1,,S,3,,2s,1,2,#N/A,0,7,5,2,0.00%,0,0,0,1,,,,,,,,,,,,,,,,,,,,,,
Gm_13,S,,5,,T,7,,1,,S,3,,mtp,1,2,#N/A,0,7,5,2,0.00%,0,0,0,0,,,,,,,,,,,,,,,,,,,,,,
Gm_7_s2,S,,5,,A,7,,1,,2,S,,2s,1,2,#N/A,0,7,4,2,0.00%,0,0,0,1,,,,,,,,,,,,,,,,,,,,,,
Gm_11_s2,T,,5,,A,7,,1,,2,S,,2s,1,3,#N/A,0,7,5,2,0.00%,0,0,0,1,,,,,,,,,,,,,,,,,,,,,,
Gm_7_s4,4,,5,,A,7,,1,,S,S,,2s,1,2,#N/A,0,7,4,2,0.00%,0,0,0,1,,,,,,,,,,,,,,,,,,,,,,
Gm_9_s4,4,,5,,A,7,,1,,T,S,,2s,1,3,#N/A,0,7,5,2,0.00%,0,0,0,1,,,,,,,,,,,,,,,,,,,,,,
Gm_aug_7,S,,,L,A,7,,1,,S,3,,2as,2,2,#N/A,0,7,3,3,0.00%,1,1,0,1,,,,,,,,,,,,,,,,,,,,,,
Gm_aug_9,S,,,L,A,7,,1,,T,3,,2as,2,3,#N/A,0,7,4,3,0.00%,1,1,0,1,,,,,,,,,,,,,,,,,,,,,,
Gm_aug_11,T,,,L,A,7,,1,,S,3,,2as,2,3,#N/A,0,7,4,3,0.00%,1,1,0,1,,,,,,,,,,,,,,,,,,,,,,
Gm_(b6),S,,5,A,,S,,1,,S,3,,tp,2,0,#N/A,0,7,3,2,0.00%,0,0,0,1,,,,,,,,,,,,,,,,,,,,,,
Gm_2_(b6),S,,5,A,,S,,1,,2,3,,tp,2,1,#N/A,0,7,4,2,0.00%,0,0,0,1,,,,,,,,,,,,,,,,,,,,,,
Gm_4_(b6),4,,5,A,,S,,1,,S,3,,tp,2,1,#N/A,0,7,4,2,0.00%,0,0,0,1,,,,,,,,,,,,,,,,,,,,,,
Gm_s2_(b6),S,,5,A,,S,,1,,2,S,,tp,2,1,#N/A,0,7,3,2,0.00%,0,0,0,1,,,,,,,,,,,,,,,,,,,,,,
Gm_2_s4_(b6),4,,5,A,,S,,1,,2,S,,tp,2,2,#N/A,0,7,4,2,0.00%,0,0,0,1,,,,,,,,,,,,,,,,,,,,,,
Gm_s4_(b6),4,,5,A,,S,,1,,S,S,,tp,2,1,#N/A,0,7,3,2,0.00%,0,0,0,1,,,,,,,,,,,,,,,,,,,,,,
Gm_7_(b6),S,,5,A,,7,,1,,S,3,,tp,2,1,#N/A,0,7,4,2,0.00%,0,0,0,1,,,,,,,,,,,,,,,,,,,,,,
Gm_9_(b6),S,,5,A,,7,,1,,T,3,,tp,2,2,#N/A,0,7,5,2,0.00%,0,0,0,1,,,,,,,,,,,,,,,,,,,,,,
Gm_11_(b6),T,,5,A,,7,,1,,S,3,,tp,2,2,#N/A,0,7,5,2,0.00%,0,0,0,1,,,,,,,,,,,,,,,,,,,,,,
Gm_Aeo,T,,5,A,,7,,1,,T,3,,tp,2,3,#N/A,0,7,6,2,0.00%,0,0,0,1,,,,,,,,,,,,,,,,,,,,,,
Gm_7_s2,S,,5,A,,7,,1,,2,S,,tp,2,2,#N/A,0,7,4,2,0.00%,0,0,0,1,,,,,,,,,,,,,,,,,,,,,,
Gm_11_s2,T,,5,A,,7,,1,,2,S,,tp,2,3,#N/A,0,7,5,2,0.00%,0,0,0,1,,,,,,,,,,,,,,,,,,,,,,
Gm_7_s4,4,,5,A,,7,,1,,S,S,,tp,2,2,#N/A,0,7,4,2,0.00%,0,0,0,1,,,,,,,,,,,,,,,,,,,,,,
Gm_9_s4,4,,5,A,,7,,1,,T,S,,tp,2,3,#N/A,0,7,5,2,0.00%,0,0,0,1,,,,,,,,,,,,,,,,,,,,,,
Ghdim,S,5,,S,,7,,1,A,,3,,l,4,1,#N/A,0,7,4,2,0.00%,0,0,0,1,,,,,,,,,S,5,,S,,7,,1,A,,3,,,
Ghdim_s4,4,5,,S,,7,,1,A,,S,,l,4,2,#N/A,0,7,4,2,0.00%,0,0,0,1,,,,,,,,,4,5,,S,,7,,1,A,,S,,,
Ghdim_(6),S,5,,,A,7,,1,S,,3,,2s,3,1,C#,0,7,4,3,0.00%,0,0,0,1,,,,,,,,,S,5,,,A,7,,1,S,,3,,,
Gm_b9_b5,S,5,,,A,7,,1,T,,3,,l,3,2,C#,0,7,5,3,0.00%,0,0,0,1,,,,,,,,,S,5,,,A,7,,1,T,,3,,,
G#m,,S,,5,S,,S,,1,S,,3,,4,0,#N/A,0,7,3,2,0.00%,0,0,0,0,,,,,,,,,,,,,,,,,,,,,,
G#m_7,,S,,5,S,,7,,1,S,,3,,4,1,#N/A,1,7,4,2,0.00%,0,0,0,0,,,,,,,,,,,,,,,,,,,,,,
G#dim,S,,5,,S,7,,,1,A,,3,2l,1,1,F,59,7,4,3,0.15%,0,0,0,1,,,,,,,,,,,,,,,,,,,,,,
G#dim_M7,S,,5,,S,7,,T,1,A,,3,2l,1,2,F,2,8,5,4,0.01%,1,0,0,1,,,,,,,,,,,,,,,,,,,,,,
G#hdim,S,,5,,S,,7,,1,A,,3,2l,2,1,#N/A,0,7,4,2,0.00%,0,0,0,1,,,,,,,,,,,,,,,,,,,,,,
Ab,3,,S,5,,S,,S,1,,S,,mtp,3,0,#N/A,35,7,3,2,0.09%,0,0,0,0,,,,,,,,,,,,,,,,,,,,,,
Ab_2,3,,S,5,,S,,S,1,,2,,mtp,3,1,#N/A,0,7,4,2,0.00%,0,0,0,0,,,,,,,,,,,,,,,,,,,,,,
Ab_6,3,,S,5,,6,,S,1,,S,,mtp,3,1,#N/A,9,7,4,2,0.02%,0,0,0,0,,,,,,,,,,,,,,,,,,,,,,
Ab_s2,A,,S,5,,S,,S,1,,2,,mtp,3,1,#N/A,0,7,3,2,0.00%,0,0,0,1,,,,,,,,,,,,,,,,,,,,,,
Ab_s#4,A,,4,5,,S,,S,1,,S,,mtp,3,1,#N/A,0,7,3,2,0.00%,0,0,0,1,,,,,,,,,,,,,,,,,,,,,,
Ab_aug,3,,S,,L,A,,S,1,,S,,mtp,2,1,#N/A,4,7,2,2,0.01%,0,1,0,1,,,,,,,,,,,,,,,,,,,,,,
Ab_M7,3,,S,5,,S,,7,1,,S,,mtp,3,1,#N/A,28,7,4,2,0.07%,0,0,0,0,,,,,,,,,,,,,,,,,,,,,,
Ab_M9,3,,S,5,,S,,7,1,,T,,mtp,3,2,#N/A,2,7,5,2,0.01%,0,0,0,0,,,,,,,,,,,,,,,,,,,,,,
Ab_M#11,3,,T,5,,S,,7,1,,S,,mtp,3,2,#N/A,1,7,5,2,0.00%,0,0,0,0,,,,,,,,,,,,,,,,,,,,,,
Ab_M13,3,,S,5,,T,,7,1,,S,,mtp,3,2,#N/A,0,7,5,2,0.00%,0,0,0,0,,,,,,,,,,,,,,,,,,,,,,
Ab_M7_s2,A,,S,5,,S,,7,1,,2,,mtp,3,2,#N/A,0,7,4,2,0.00%,0,0,0,1,,,,,,,,,,,,,,,,,,,,,,
Ab_M#11_s2,A,,T,5,,S,,7,1,,2,,mtp,3,3,#N/A,0,7,5,2,0.00%,0,0,0,1,,,,,,,,,,,,,,,,,,,,,,
Ab_M13_s2,A,,S,5,,T,,7,1,,2,,mtp,3,3,#N/A,0,7,5,2,0.00%,0,0,0,1,,,,,,,,,,,,,,,,,,,,,,
Ab_M7_s#4,A,,4,5,,S,,7,1,,S,,mtp,3,2,#N/A,0,7,4,2,0.00%,0,0,0,1,,,,,,,,,,,,,,,,,,,,,,
Ab_M9_s#4,A,,4,5,,S,,7,1,,T,,mtp,3,3,#N/A,0,7,5,2,0.00%,0,0,0,1,,,,,,,,,,,,,,,,,,,,,,
Ab_M13_s4,A,,4,5,,T,,7,1,,S,,mtp,3,3,#N/A,0,7,5,2,0.00%,0,0,0,1,,,,,,,,,,,,,,,,,,,,,,
Ab_aug_M7,3,,S,,L,A,,7,1,,S,,mtp,2,2,#N/A,0,7,3,2,0.00%,0,1,0,1,,,,,,,,,,,,,,,,,,,,,,
Ab_aug_M9,3,,S,,L,A,,7,1,,T,,mtp,2,3,#N/A,0,7,4,2,0.00%,0,1,0,1,,,,,,,,,,,,,,,,,,,,,,
Ab_aug_M#11,3,,T,,L,A,,7,1,,S,,mtp,2,3,#N/A,0,7,4,2,0.00%,0,1,0,1,,,,,,,,,,,,,,,,,,,,,,
Ab_(4),3,A,,5,,S,,S,1,,S,,T,4,0,#N/A,0,7,3,2,0.00%,0,0,0,1,,,,,,,,,,,,,,,,,,,,,,
Ab_2_(4),3,A,,5,,S,,S,1,,2,,T,4,1,#N/A,0,7,4,2,0.00%,0,0,0,1,,,,,,,,,,,,,,,,,,,,,,
Ab_2_b6_s4,A,4,,S,6,,,S,1,,2,,T,4,3,E,0,7,4,3,0.00%,0,0,0,1,,,,,,,,,,,,,,,,,,,,,,
Ab_6_(4),3,A,,5,,6,,S,1,,S,,T,4,1,#N/A,0,7,4,2,0.00%,0,0,0,1,,,,,,,,,,,,,,,,,,,,,,
Ab_2_6_(4),3,A,,5,,6,,S,1,,2,,T,4,2,#N/A,0,7,5,2,0.00%,0,0,0,1,,,,,,,,,,,,,,,,,,,,,,
Ab_s2_(4),A,S,,5,,S,,S,1,,2,,T,4,1,#N/A,0,7,3,2,0.00%,0,0,0,1,,,,,,,,,,,,,,,,,,,,,,
Ab_s4_(4),A,4,,5,,S,,S,1,,S,,T,4,1,#N/A,0,7,3,2,0.00%,0,0,0,1,,,,,,,,,,,,,,,,,,,,,,
Ab_v46,A,4,,S,,6,S,,1,,S,,2D,5,2,#N/A,0,7,3,2,0.00%,0,0,0,1,,,,,,,,,,,,,,,,,,,,,,
Ab_2_v46,A,4,,S,,6,S,,1,,T,,2D,5,3,#N/A,0,7,4,2,0.00%,0,0,0,1,,,,,,,,,,,,,,,,,,,,,,
Ab_2_s4,A,4,,5,,S,,S,1,,2,,T,4,2,#N/A,0,7,4,2,0.00%,0,0,0,1,,,,,,,,,,,,,,,,,,,,,,
Ab_aug_(4),3,A,,,L,A,S,,1,,S,,T,4,1,C#,0,7,2,3,0.00%,1,1,0,2,,,,,,,,,,,,,,,,,,,,,,
Ab_M7_(4),3,A,,5,,S,,7,1,,S,,T,4,1,#N/A,0,7,4,2,0.00%,0,0,0,1,,,,,,,,,,,,,,,,,,,,,,
Ab_M9_(4),3,A,,5,,S,,7,1,,T,,T,4,2,#N/A,0,7,5,2,0.00%,0,0,0,1,,,,,,,,,,,,,,,,,,,,,,
Ab_M13_(4),3,A,,5,,T,,7,1,,S,,T,4,2,#N/A,0,7,5,2,0.00%,0,0,0,1,,,,,,,,,,,,,,,,,,,,,,
Ab_Ion,3,A,,5,,T,,7,1,,T,,T,4,3,#N/A,0,7,6,2,0.00%,0,0,1,1,,,,,,,,,,,,,,,,,,,,,,
Ab_M7_s2_(4),A,S,,5,,S,,7,1,,2,,T,4,2,#N/A,0,7,4,2,0.00%,0,0,0,1,,,,,,,,,,,,,,,,,,,,,,
Ab_M13_s2_(4),A,S,,5,,T,,7,1,,2,,T,4,3,#N/A,0,7,5,2,0.00%,0,0,0,1,,,,,,,,,,,,,,,,,,,,,,
Ab_M7_s4,A,4,,5,,S,,7,1,,S,,T,4,2,#N/A,0,7,4,2,0.00%,0,0,0,1,,,,,,,,,,,,,,,,,,,,,,
Ab_M9_b6_s4,A,4,,S,6,,,7,1,,T,,T,4,4,E,0,7,5,3,0.00%,0,0,0,1,,,,,,,,,,,,,,,,,,,,,,
Ab_M9_s4,A,4,,5,,S,,7,1,,T,,T,4,3,#N/A,0,7,5,2,0.00%,0,0,0,1,,,,,,,,,,,,,,,,,,,,,,
Ab_M13_s4,A,4,,5,,T,,7,1,,S,,T,4,3,#N/A,0,7,5,2,0.00%,0,0,0,1,,,,,,,,,,,,,,,,,,,,,,
Ab_aug_M7_(4),3,A,,,L,A,,7,1,,S,,at,3,2,C#,0,7,3,3,0.00%,0,1,0,2,,,,,,,,,,,,,,,,,,,,,,
Ab_aug_M9_(4),3,A,,,L,A,,7,1,,T,,at,3,3,C#,0,7,4,3,0.00%,0,1,0,2,,,,,,,,,,,,,,,,,,,,,,
Ab_It,3,,S,S,,,L,A,1,,S,,26,4,1,Eb,1,7,2,3,0.00%,1,0,0,1,,,,,,,,,,,,,,,,,,,,,,
Ab_Gr,3,,S,5,,,L,A,1,,S,,26,4,1,Eb,4,7,3,3,0.01%,1,0,0,1,,,,,,,,,,,,,,,,,,,,,,
Ab_Gr_9,3,,S,5,,,L,A,1,,T,,26,4,2,Eb,0,7,4,3,0.00%,1,0,0,1,,,,,,,,,,,,,,,,,,,,,,
Ab_Gr_#11,3,,T,5,,,L,A,1,,S,,26,4,2,Eb,0,7,4,3,0.00%,1,0,0,1,,,,,,,,,,,,,,,,,,,,,,
Ab_Gr_13,3,,T,5,,T,L,,1,,S,,26,4,3,#N/A,0,7,5,2,0.00%,0,0,0,0,,,,,,,,,,,,,,,,,,,,,,
Ab_Fr,3,,5,S,,,L,A,1,,S,,26,4,1,Eb,1,7,3,3,0.00%,1,0,0,1,,,,,,,,,,,,,,,,,,,,,,
A_(M7),,3,A,,5,,S,,S,1,,S,mt,3,0,#N/A,3,7,3,2,0.01%,0,0,0,1,,,,,,,,,,,,,,,,,,,,,,
A_2_(M7),,3,A,,5,,S,,S,1,,2,mt,3,1,#N/A,0,7,4,2,0.00%,0,0,0,1,,,,,,,,,,,,,,,,,,,,,,
A_2_b6_s4_(M7),,A,4,,S,6,,,S,1,,2,mt,2,3,F,0,7,4,3,0.00%,0,0,0,1,,,,,,,,,,,,,,,,,,,,,,
A_6_(M7),,3,A,,5,,6,,S,1,,S,mt,3,1,#N/A,0,7,4,2,0.00%,0,0,0,1,,,,,,,,,,,,,,,,,,,,,,
A_2_6_(M7),,3,A,,5,,6,,S,1,,2,mt,3,2,#N/A,0,7,5,2,0.00%,0,0,0,1,,,,,,,,,,,,,,,,,,,,,,
A_s2_(M7),,A,S,,5,,S,,S,1,,2,mt,3,1,#N/A,0,7,3,2,0.00%,0,0,0,1,,,,,,,,,,,,,,,,,,,,,,
A_s4_(M7),,A,4,,5,,S,,S,1,,S,mt,3,1,#N/A,0,7,3,2,0.00%,0,0,0,1,,,,,,,,,,,,,,,,,,,,,,
A_v46_(M7),,A,4,,S,,6,,S,1,,S,mt,3,2,#N/A,0,7,3,2,0.00%,0,0,0,1,,,,,,,,,,,,,,,,,,,,,,
A_2_s4_(M7),,A,4,,5,,S,,S,1,,2,mt,3,2,#N/A,0,7,4,2,0.00%,0,0,0,1,,,,,,,,,,,,,,,,,,,,,,
A_M7,,3,A,,5,,S,,7,1,,S,mt,3,1,#N/A,9,7,4,2,0.02%,0,0,0,1,,,,,,,,,,,,,,,,,,,,,,
A_M9,,3,A,,5,,S,,7,1,,T,mt,3,2,#N/A,0,7,5,2,0.00%,0,0,0,1,,,,,,,,,,,,,,,,,,,,,,
A_M13,,3,A,,5,,T,,7,1,,S,mt,3,2,#N/A,0,7,5,2,0.00%,0,0,0,1,,,,,,,,,,,,,,,,,,,,,,
A_Ion,,3,A,,5,,T,,7,1,,T,mt,3,3,#N/A,0,7,6,2,0.00%,0,0,1,1,,,,,,,,,,,,,,,,,,,,,,
A_M7_s2,,A,S,,5,,S,,7,1,,2,mt,3,2,#N/A,0,7,4,2,0.00%,0,0,0,1,,,,,,,,,,,,,,,,,,,,,,
A_M13_s2,,A,S,,5,,T,,7,1,,2,mt,3,3,#N/A,0,7,5,2,0.00%,0,0,0,1,,,,,,,,,,,,,,,,,,,,,,
A_M7_s4,,A,4,,5,,S,,7,1,,S,mt,3,2,#N/A,0,7,4,2,0.00%,0,0,0,1,,,,,,,,,,,,,,,,,,,,,,
A_M9_b6_s4,,A,4,,S,6,,,7,1,,T,mt,2,4,F,0,7,5,3,0.00%,0,0,0,1,,,,,,,,,,,,,,,,,,,,,,
A_M9_s4,,A,4,,5,,S,,7,1,,T,mt,3,3,#N/A,0,7,5,2,0.00%,0,0,0,1,,,,,,,,,,,,,,,,,,,,,,
A_M13_s4,,A,4,,5,,T,,7,1,,S,mt,3,3,#N/A,0,7,5,2,0.00%,0,0,0,1,,,,,,,,,,,,,,,,,,,,,,
A_(mm),,3,A,,5,S,,S,,1,,S,mtp,1,0,#N/A,0,7,3,2,0.00%,0,0,0,1,,,,,,,,,,,,,,,,,,,,,,
A_2_(mm),,3,A,,5,S,,S,,1,,2,mtp,1,1,#N/A,0,7,4,2,0.00%,0,0,0,1,,,,,,,,,,,,,,,,,,,,,,
A_s2_(mm),,A,S,,A,S,,S,,1,,2,mtp,1,1,#N/A,0,7,2,2,0.00%,0,0,0,2,,,,,,,,,,,,,,,,,,,,,,
A_s4_(mm),,A,4,,5,S,,S,,1,,S,mtp,1,1,#N/A,1,7,3,2,0.00%,0,0,0,1,,,,,,,,,,,,,,,,,,,,,,
A_v4b6,,A,4,,S,6,,S,,1,,S,mtp,1,2,#N/A,1,7,3,2,0.00%,0,0,0,1,,,,,,,,,,,,,,,,,,,,,,
A_2_s4_(mm),,A,4,,5,S,,S,,1,,2,mtp,1,2,#N/A,0,7,4,2,0.00%,0,0,0,1,,,,,,,,,,,,,,,,,,,,,,
A,,3,A,,5,S,,S,,1,S,,2d,2,0,Bb,61,7,3,3,0.16%,0,0,0,1,,,,,,,,,,,,,,,,,,,,,,
A_b6,,3,A,,S,6,,7,,1,S,,2d,2,2,Bb,0,7,4,3,0.00%,0,0,0,1,,,,,,,,,,,,,,,,,,,,,,
A_7,,3,A,,5,S,,7,,1,S,,2d,2,1,Bb,206,7,4,3,0.53%,0,0,0,1,,,,,,,,,,,,,,,,,,,,,,
A_9,,3,A,,5,S,,7,,1,,T,m2d,1,2,#N/A,3,7,5,2,0.01%,0,0,0,1,,,,,,,,,,,,,,,,,,,,,,
A_2,,3,A,,5,S,,S,,1,,T,m2d,1,1,#N/A,0,7,4,2,0.00%,0,0,0,1,,,,,,,,,,,,,,,,,,,,,,
A_b2,,3,A,,5,S,,S,,1,T,,m2d,2,1,Bb,0,7,4,3,0.00%,0,0,0,1,,,,,,,,,,,,,,,,,,,,,,
A_b9,,3,A,,5,S,,7,,1,T,,2d,2,2,Bb,38,7,5,3,0.10%,0,0,0,1,,,,,,,,,,,,,,,,,,,,,,
A_#9,T,3,A,,5,S,,7,,1,S,,m2d,2,2,C#,5,8,5,4,0.01%,1,0,0,1,,,,,,,,,,,,,,,,,,,,,,
A_b9_#9,T,3,A,,5,S,,7,,1,T,,2d,2,3,C#,0,8,6,4,0.00%,1,0,0,1,,,,,,,,,,,,,,,,,,,,,,
A_#11,,3,,T,5,S,,7,,1,S,,m2d,3,2,#N/A,0,7,5,3,0.00%,1,0,0,0,,,,,,,,,,,,,,,,,,,,,,
A_13,,3,A,,5,,T,7,,1,S,,m2d,3,2,Bb,0,7,5,3,0.00%,0,0,0,1,,,,,,,,,,,,,,,,,,,,,,
A_b13,,3,A,,5,T,,7,,1,S,,2d,2,2,Bb,14,7,5,3,0.04%,0,0,0,1,,,,,,,,,,,,,,,,,,,,,,
A_#9_b13,T,3,A,,5,T,,7,,1,S,,2d,2,3,C#,1,8,6,4,0.00%,1,0,0,1,,,,,,,,,,,,,,,,,,,,,,
A_Mix,,3,A,,5,,T,7,,1,,T,m2d,2,3,#N/A,1,7,6,2,0.00%,0,0,1,1,,,,,,,,,,,,,,,,,,,,,,
A_Hmp5,,3,A,,5,T,,7,,1,T,,2d,2,3,Bb,10,7,6,3,0.03%,0,0,1,1,,,,,,,,,,,,,,,,,,,,,,
A_Alt,T,3,,T,S,T,,7,,1,T,,m2d,3,5,C#,0,8,7,4,0.00%,1,0,1,0,,,,,,,,,,,,,,,,,,,,,,
A_L7,,3,,T,5,,T,7,,1,,T,m2d,3,4,#N/A,0,7,7,2,0.00%,0,0,1,0,,,,,,,,,,,,,,,,,,,,,,
A_CD,T,3,,T,5,,T,7,,1,T,,m2d,4,5,#N/A,0,8,8,4,0.00%,0,0,1,0,,,,,,,,,,,,,,,,,,,,,,
A_WT,,3,,T,S,T,,7,,1,,T,2md,2,4,#N/A,0,7,6,2,0.00%,1,0,1,0,,,,,,,,,,,,,,,,,,,,,,
A_s2,,A,S,,5,S,,S,,1,,T,2d,1,1,#N/A,0,7,3,2,0.00%,0,0,0,1,,,,,,,,,,,,,,,,,,,,,,
A_7_s2,,A,S,,5,S,,7,,1,,T,2d,1,2,#N/A,3,7,4,2,0.01%,0,0,0,1,,,,,,,,,,,,,,,,,,,,,,
A_s4,,A,4,,5,S,,S,,1,S,,2d,2,1,Bb,5,7,3,3,0.01%,0,0,0,1,,,,,,,,,,,,,,,,,,,,,,
A_b2_s4,,A,4,,5,S,,S,,1,T,,m2d,2,2,Bb,1,7,4,3,0.00%,0,0,0,1,,,,,,,,,,,,,,,,,,,,,,
A_7_s4,,A,4,,5,S,,7,,1,S,,2d,2,2,Bb,8,7,4,3,0.02%,0,0,0,1,,,,,,,,,,,,,,,,,,,,,,
A_9_s4,,A,4,,5,S,,7,,1,,T,m2d,1,3,#N/A,10,7,5,2,0.03%,0,0,0,1,,,,,,,,,,,,,,,,,,,,,,
A_b9_s4,,A,4,,5,S,,7,,1,T,,2d,2,3,Bb,1,7,5,3,0.00%,0,0,0,1,,,,,,,,,,,,,,,,,,,,,,
A_#9_s4,T,A,4,,5,S,,7,,1,S,,m2d,2,3,C#,0,8,5,4,0.00%,1,0,0,1,,,,,,,,,,,,,,,,,,,,,,
A_b9_#9_s4,T,A,4,,5,S,,7,,1,T,,2d,2,4,C#,0,8,6,4,0.00%,1,0,0,1,,,,,,,,,,,,,,,,,,,,,,
A_13_s4,,A,4,,5,,T,7,,1,,S,m2d,2,3,#N/A,0,7,5,2,0.00%,0,0,0,1,,,,,,,,,,,,,,,,,,,,,,
A_b13_s4,,A,4,,5,T,,7,,1,,S,2d,1,3,#N/A,0,7,5,2,0.00%,0,0,0,1,,,,,,,,,,,,,,,,,,,,,,
A_Mix_s4,,A,4,,5,,T,7,,1,,T,m2d,2,4,#N/A,0,7,6,2,0.00%,0,0,1,1,,,,,,,,,,,,,,,,,,,,,,
A_Hmp5_s4 ,,A,4,,5,T,,7,,1,T,,2d,2,4,Bb,0,7,6,3,0.00%,0,0,1,1,,,,,,,,,,,,,,,,,,,,,,
A_aug,,3,A,,,L,A,S,,1,,S,2ad,2,1,D,1,7,2,3,0.00%,1,1,0,2,,,,,,,,,,,,,,,,,,,,,,
A_aug_7,,3,A,,,L,A,7,,1,,S,2ad,2,2,D,0,7,3,3,0.00%,1,1,0,2,,,,,,,,,,,,,,,,,,,,,,
A_aug_9,,3,A,,,L,A,7,,1,,T,2ad,2,3,D,0,7,4,3,0.00%,1,1,0,2,,,,,,,,,,,,,,,,,,,,,,
A_(9),,3,A,,5,S,,S,,1,,S,2d,1,0,#N/A,9,7,3,2,0.02%,0,0,0,1,,,,,,,,,,,,,,,,,,,,,,
A_7_(9),,3,A,,5,S,,7,,1,,S,2d,1,1,#N/A,8,7,4,2,0.02%,0,0,0,1,,,,,,,,,,,,,,,,,,,,,,
,,,,,,,,,,,,,,,,,,,,,,,,,,,,,,,,,,,,,,,,,,,,,,,
A_#9_(9),T,3,A,,5,S,,7,,1,,S,m2d,1,2,C#,0,8,5,4,0.00%,2,0,0,1,,,,,,,,,,,,,,,,,,,,,,
A_#11_(9),,3,,T,5,S,,7,,1,,S,m2d,2,2,#N/A,0,7,5,2,0.00%,1,0,0,0,,,,,,,,,,,,,,,,,,,,,,
A_13_(9),,3,A,,5,,T,7,,1,,S,m2d,2,2,#N/A,0,7,5,2,0.00%,0,0,0,1,,,,,,,,,,,,,,,,,,,,,,
A_b13_(9),,3,A,,5,T,,7,,1,,S,2d,1,2,#N/A,0,7,5,2,0.00%,0,0,0,1,,,,,,,,,,,,,,,,,,,,,,
A_s4_(9),,A,4,,5,S,,S,,1,,S,2d,1,1,#N/A,0,7,3,2,0.00%,0,0,0,1,,,,,,,,,,,,,,,,,,,,,,
A_7_s4_(9),,A,4,,5,S,,7,,1,,S,2d,1,2,#N/A,0,7,4,2,0.00%,0,0,0,1,,,,,,,,,,,,,,,,,,,,,,
,,,,,,,,,,,,,,,,,,,,,,,,,,,,,,,,,,,,,,,,,,,,,,,
A_#9_s4_(9),T,A,4,,5,S,,7,,1,,S,m2d,1,3,C#,0,8,5,4,0.00%,2,0,0,1,,,,,,,,,,,,,,,,,,,,,,
Am,3,,S,,5,A,,S,,1,,S,tp,0,0,#N/A,4948,7,3,2,12.84%,0,0,0,1,,,,,,,,,,,,,,,,,,,,,,
Am_2,3,,S,,5,A,,S,,1,,2,tp,0,1,#N/A,99,7,4,2,0.26%,0,0,0,1,,,,,,,,,,,,,,,,,,,,,,
Am_4,3,,4,,5,A,,S,,1,,S,tp,0,1,#N/A,41,7,4,2,0.11%,0,0,0,1,,,,,,,,,,,,,,,,,,,,,,
Am_6,3,,S,,5,,6,S,,1,,S,tp,1,1,#N/A,11,7,4,2,0.03%,0,0,0,0,,,,,,,,,,,,,,,,,,,,,,
Am_s2,S,,S,,5,A,,S,,1,,2,tp,0,1,#N/A,18,7,3,2,0.05%,0,0,0,1,,,,,,,,,,,,,,,,,,,,,,
Am_2_s4,S,,4,,5,A,,S,,1,,2,tp,0,2,#N/A,11,7,4,2,0.03%,0,0,0,1,,,,,,,,,,,,,,,,,,,,,,
Am_s4,S,,4,,5,A,,S,,1,,S,tp,0,1,#N/A,16,7,3,2,0.04%,0,0,0,1,,,,,,,,,,,,,,,,,,,,,,
Am_7,3,,S,,5,A,,7,,1,,S,tp,0,1,#N/A,1301,7,4,2,3.38%,0,0,0,1,,,,,,,,,,,,,,,,,,,,,,
Am_9,3,,S,,5,A,,7,,1,,T,tp,0,2,#N/A,301,7,5,2,0.78%,0,0,0,1,,,,,,,,,,,,,,,,,,,,,,
Am_11,3,,T,,5,A,,7,,1,,S,tp,0,2,#N/A,65,7,5,2,0.17%,0,0,0,1,,,,,,,,,,,,,,,,,,,,,,
Am_13,3,,S,,5,,T,7,,1,,S,mtp,1,2,#N/A,3,7,5,2,0.01%,0,0,0,0,,,,,,,,,,,,,,,,,,,,,,
Am_Aeo,3,,T,,5,A,,7,,1,,T,tp,0,3,#N/A,36,7,6,2,0.09%,0,0,0,1,,,,,,,,,,,,,,,,,,,,,,
Am_7_s2,S,,S,,5,A,,7,,1,,2,tp,0,2,#N/A,8,7,4,2,0.02%,0,0,0,1,,,,,,,,,,,,,,,,,,,,,,
Am_11_s2,S,,T,,5,A,,7,,1,,2,tp,0,3,#N/A,16,7,5,2,0.04%,0,0,0,1,,,,,,,,,,,,,,,,,,,,,,
Am_7_s4,S,,4,,5,A,,7,,1,,S,tp,0,2,#N/A,8,7,4,2,0.02%,0,0,0,1,,,,,,,,,,,,,,,,,,,,,,
Am_9_s4,S,,4,,5,A,,7,,1,,T,tp,0,3,#N/A,18,7,5,2,0.05%,0,0,0,1,,,,,,,,,,,,,,,,,,,,,,
Am_(6),3,,S,,5,,S,S,,1,,S,tp,1,0,#N/A,2,7,3,2,0.01%,0,0,0,0,,,,,,,,,,,,,,,,,,,,,,
Am_2_(6),3,,S,,5,,S,S,,1,,2,tp,1,1,#N/A,0,7,4,2,0.00%,0,0,0,0,,,,,,,,,,,,,,,,,,,,,,
Am_4_(6),3,,4,,5,,S,S,,1,,S,tp,1,1,#N/A,0,7,4,2,0.00%,0,0,0,0,,,,,,,,,,,,,,,,,,,,,,
Am_s2_(6),2,,S,,5,,S,S,,1,,T,tp,1,2,#N/A,0,7,4,2,0.00%,0,0,0,0,,,,,,,,,,,,,,,,,,,,,,
Am_s4_(6),A,,4,,5,,S,S,,1,,S,tp,1,1,#N/A,0,7,3,2,0.00%,0,0,0,1,,,,,,,,,,,,,,,,,,,,,,
Am_aug_(6),3,,S,,,L,A,S,,1,,S,tp,1,1,#N/A,0,7,2,3,0.00%,1,1,0,1,,,,,,,,,,,,,,,,,,,,,,
Am_M7_(6),3,,S,,5,,S,,7,1,,S,tp,2,1,#N/A,0,7,4,2,0.00%,0,0,0,0,,,,,,,,,,,,,,,,,,,,,,
Am_7_(6),3,,S,,5,,S,7,,1,,S,tp,1,1,#N/A,0,7,4,2,0.00%,0,0,0,0,,,,,,,,,,,,,,,,,,,,,,
Am_9_(6),3,,S,,5,,S,7,,1,,T,tp,1,2,#N/A,2,7,5,2,0.01%,0,0,0,0,,,,,,,,,,,,,,,,,,,,,,
Am_11_(6),3,,T,,5,,S,7,,1,,S,tp,1,2,#N/A,0,7,5,2,0.00%,0,0,0,0,,,,,,,,,,,,,,,,,,,,,,
Am_13_(6),3,,T,,5,,T,7,,1,,S,tp,1,3,#N/A,0,7,6,2,0.00%,0,0,0,0,,,,,,,,,,,,,,,,,,,,,,
Am_7_s2_(6),2,,S,,5,,S,7,,1,,T,tp,1,3,#N/A,0,7,5,2,0.00%,0,0,0,0,,,,,,,,,,,,,,,,,,,,,,
Am_11_s2_(6),2,,T,,5,,S,7,,1,,T,tp,1,4,#N/A,0,7,6,2,0.00%,0,0,0,0,,,,,,,,,,,,,,,,,,,,,,
Am_7_s4_(6),A,,4,,5,,S,7,,1,,S,tp,1,2,#N/A,0,7,4,2,0.00%,0,0,0,1,,,,,,,,,,,,,,,,,,,,,,
Am_9_s4_(6),A,,4,,5,,S,7,,1,,T,tp,1,3,#N/A,0,7,5,2,0.00%,0,0,0,1,,,,,,,,,,,,,,,,,,,,,,
Am_aug_7_(6),3,,S,,,L,A,7,,1,,S,tp,1,2,#N/A,0,7,3,3,0.00%,1,1,0,1,,,,,,,,,,,,,,,,,,,,,,
Am_aug_9_(6),3,,S,,,L,A,7,,1,,T,tp,1,3,#N/A,0,7,4,3,0.00%,1,1,0,1,,,,,,,,,,,,,,,,,,,,,,
Am_aug_11_(6),3,,T,,,L,A,7,,1,,S,tp,1,3,#N/A,0,7,4,3,0.00%,1,1,0,1,,,,,,,,,,,,,,,,,,,,,,
Am_(M7),3,,S,,5,A,,,S,1,,S,tp,1,0,F,185,7,3,3,0.48%,0,0,0,1,,,,,,,,,,,,,,,,,,,,,,
Am_2_(M7),3,,S,,5,A,,,S,1,,2,tp,1,1,F,0,7,4,3,0.00%,0,0,0,1,,,,,,,,,,,,,,,,,,,,,,
Am_4_(M7),3,,4,,5,A,,,S,1,,S,tp,1,1,F,0,7,4,3,0.00%,0,0,0,1,,,,,,,,,,,,,,,,,,,,,,
Am_6_(M7),3,,S,,5,,6,,S,1,,S,tp,2,1,#N/A,1,7,4,2,0.00%,0,0,0,0,,,,,,,,,,,,,,,,,,,,,,
Am_s2_(M7),S,,S,,5,A,,,S,1,,2,tp,1,1,F,0,7,3,3,0.00%,0,0,0,1,,,,,,,,,,,,,,,,,,,,,,
Am_2_s4_(M7),S,,4,,5,A,,,S,1,,2,tp,1,2,F,6,7,4,3,0.02%,0,0,0,1,,,,,,,,,,,,,,,,,,,,,,
Am_s4_(M7),S,,4,,5,A,,,S,1,,S,tp,1,1,F,0,7,3,3,0.00%,0,0,0,1,,,,,,,,,,,,,,,,,,,,,,
Am_M7,3,,S,,5,S,,,7,1,,S,tp,1,1,F,8,7,4,3,0.02%,0,0,0,0,,,,,,,,,,,,,,,,,,,,,,
Am_M9,3,,S,,5,S,,,7,1,,T,tp,1,2,F,2,7,5,3,0.01%,0,0,0,0,,,,,,,,,,,,,953186,,,,,,,,,
Am_M11,3,,T,,5,S,,,7,1,,S,tp,1,2,F,0,7,5,3,0.00%,0,0,0,0,,,,,,,,,,,,,,,,,,,,,,
Am_Mb13,3,,S,,5,T,,,7,1,,S,tp,1,2,F,0,7,5,3,0.00%,0,0,0,0,,,,,,,,,,,,,,,,,,,,,,
Am_M7_s2,A,,S,,5,S,,,7,1,,2,tp,1,2,F,1,7,4,3,0.00%,0,0,0,1,,,,,,,,,,,,,,,,,,,,,,
Am_M11_s2,A,,,T,5,S,,,7,1,,2,mtp,2,3,F,0,7,5,4,0.00%,1,0,0,1,,,,,,,,,,,,,,,,,,,,,,
Am_Mb13_s2,A,,S,,5,T,,,7,1,,2,tp,1,3,F,0,7,5,3,0.00%,0,0,0,1,,,,,,,,,,,,,,,,,,,,,,
Am_M7_s4,A,,4,,5,S,,,7,1,,S,tp,1,2,F,2,7,4,3,0.01%,0,0,0,1,,,,,,,,,,,,,,,,,,,,,,
Am_M9_s4,A,,4,,5,S,,,7,1,,T,tp,1,3,F,2,7,5,3,0.01%,0,0,0,1,,,,,,,,,,,,,,,,,,,,,,
Am_Mb13_s4,A,,4,,5,T,,,7,1,,S,tp,1,3,F,0,7,5,3,0.00%,0,0,0,1,,,,,,,,,,,,,,,,,,,,,,
Am_(13),3,,S,,5,,A,S,,1,,S,2s,1,0,#N/A,0,7,3,2,0.00%,0,0,0,1,,,,,,,,,,,,,,,,,,,,,,
Am_7_(13),3,,S,,5,,A,7,,1,,S,2s,1,1,#N/A,1,7,4,2,0.00%,0,0,0,1,,,,,,,,,,,,,,,,,,,,,,
Am_9_(13),3,,S,,5,,A,7,,1,,T,2s,1,2,#N/A,0,7,5,2,0.00%,0,0,0,1,,,,,,,,,,,,,,,,,,,,,,
Am_11_(13),3,,T,,5,,A,7,,1,,S,2s,1,2,#N/A,0,7,5,2,0.00%,0,0,0,1,,,,,,,,,,,,,,,,,,,,,,
Am_7_s2_(13),S,,S,,5,,A,7,,1,,2,2s,1,2,#N/A,0,7,4,2,0.00%,0,0,0,1,,,,,,,,,,,,,,,,,,,,,,
Am_11_s2_(13),S,,T,,5,,A,7,,1,,2,2s,1,3,#N/A,0,7,5,2,0.00%,0,0,0,1,,,,,,,,,,,,,,,,,,,,,,
Am_7_s4_(13),S,,4,,5,,A,7,,1,,S,2s,1,2,#N/A,0,7,4,2,0.00%,0,0,0,1,,,,,,,,,,,,,,,,,,,,,,
Am_9_s4_(13),S,,4,,5,,A,7,,1,,T,2s,1,3,#N/A,0,7,5,2,0.00%,0,0,0,1,,,,,,,,,,,,,,,,,,,,,,
Am_aug_7_(13),3,,S,,,L,A,7,,1,,S,2as,1,2,#N/A,0,7,3,3,0.00%,1,1,0,1,,,,,,,,,,,,,,,,,,,,,,
Am_aug_9_(13),3,,S,,,L,A,7,,1,,T,2as,1,3,#N/A,0,7,4,3,0.00%,1,1,0,1,,,,,,,,,,,,,,,,,,,,,,
Am_aug_11_(13),3,,T,,,L,A,7,,1,,S,2as,1,3,#N/A,0,7,4,3,0.00%,1,1,0,1,,,,,,,,,,,,,,,,,,,,,,
Am_(b9),3,,S,,5,S,,S,,1,A,,,1,0,#N/A,0,7,3,2,0.00%,0,0,0,1,,,,,,,,,,,,,,,,,,,,,,
Ahdim,3,,S,5,,S,,7,,1,S,,2s,2,1,#N/A,3,7,4,2,0.01%,0,0,0,0,,,,,,,,,,,,,,,,,,,,,,
Bb,S,,3,,S,5,,S,,S,1,,2s,1,0,#N/A,87,7,3,2,0.23%,0,0,0,0,,,,,,,,,,,,,,,,,,,,,,
Bb_2,2,,3,,S,5,,S,,S,1,,2s,1,1,#N/A,9,7,4,2,0.02%,0,0,0,0,,,,,,,,,,,,,,,,,,,,,,
Bb_6,S,,3,,S,5,,6,,S,1,,2s,1,1,#N/A,25,7,4,2,0.06%,0,0,0,0,,,,,,,,,,,,,,,,,,,,,,
Bb_s2,2,,A,,S,5,,S,,S,1,,2s,1,1,#N/A,10,7,3,2,0.03%,0,0,0,1,,,,,,,,,,,,,,,,,,,,,,
Bb_#s4,S,,A,,4,5,,S,,S,1,,2s,1,1,#N/A,0,7,3,2,0.00%,0,0,0,1,,,,,,,,,,,,,,,,,,,,,,
Bb_aug,S,,3,,S,,L,A,,S,1,,2as,2,1,#N/A,0,7,2,2,0.00%,0,1,0,1,,,,,,,,,,,,,,,,,,,,,,
Bb_M7,S,,3,,S,5,,S,,7,1,,2s,1,1,#N/A,79,7,4,2,0.20%,0,0,0,0,,,,,,,,,,,,,,,,,,,,,,
Bb_M9,T,,3,,S,5,,S,,7,1,,2s,1,2,#N/A,20,7,5,2,0.05%,0,0,0,0,,,,,,,,,,,,,,,,,,,,,,
Bb_M#11,S,,3,,T,5,,S,,7,1,,2s,1,2,#N/A,0,7,5,2,0.00%,0,0,0,0,,,,,,,,,,,,,,,,,,,,,,
Bb_M13,S,,3,,S,5,,T,,7,1,,2s,1,2,#N/A,0,7,5,2,0.00%,0,0,0,0,,,,,,,,,,,,,,,,,,,,,,
Bb_M7_s2,2,,S,,S,5,,S,,7,1,,2s,1,2,#N/A,2,7,4,2,0.01%,0,0,0,0,,,,,,,,,,,,,,,,,,,,,,
Bb_M#11_s2,2,,S,,T,5,,S,,7,1,,2s,1,3,#N/A,2,7,5,2,0.01%,0,0,0,0,,,,,,,,,,,,,,,,,,,,,,
Bb_M13_s2,2,,S,,S,5,,T,,7,1,,2s,1,3,#N/A,0,7,5,2,0.00%,0,0,0,0,,,,,,,,,,,,,,,,,,,,,,
Bb_aug_M7,S,,3,,S,,L,A,,7,1,,2as,2,2,#N/A,0,7,3,2,0.00%,0,1,0,1,,,,,,,,,,,,,,,,,,,,,,
Bb_aug_M9,T,,3,,S,,L,A,,7,1,,2as,2,3,#N/A,0,7,4,2,0.00%,0,1,0,1,,,,,,,,,,,,,,,,,,,,,,
Bb_aug_M#11,S,,3,,T,,L,A,,7,1,,2as,2,3,#N/A,0,7,4,2,0.00%,0,1,0,1,,,,,,,,,,,,,,,,,,,,,,
Bb_(4),S,,3,A,,5,,S,,S,1,,T,2,0,#N/A,0,7,3,2,0.00%,0,0,0,1,,,,,,,,,,,,,,,,,,,,,,
Bb_2_(4),2,,3,A,,5,,S,,S,1,,T,2,1,#N/A,0,7,4,2,0.00%,0,0,0,1,,,,,,,,,,,,,,,,,,,,,,
Bb_2_b6_s4,2,,A,4,,S,6,,,S,1,,T,3,3,F#,0,7,4,3,0.00%,0,0,0,1,,,,,,,,,,,,,,,,,,,,,,
Bb_6_(4),S,,3,A,,5,,6,,S,1,,T,2,1,#N/A,0,7,4,2,0.00%,0,0,0,1,,,,,,,,,,,,,,,,,,,,,,
Bb_2_6_(4),2,,3,A,,5,,6,,S,1,,T,2,2,#N/A,0,7,5,2,0.00%,0,0,0,1,,,,,,,,,,,,,,,,,,,,,,
Bb_s2_(4),2,,A,S,,5,,S,,S,1,,T,2,1,#N/A,0,7,3,2,0.00%,0,0,0,1,,,,,,,,,,,,,,,,,,,,,,
Bb_s4,S,,A,4,,5,,S,,S,1,,T,2,1,#N/A,0,7,3,2,0.00%,0,0,0,1,,,,,,,,,,,,,,,,,,,,,,
Bb_v46,S,,A,4,,S,,6,S,,1,,2D,3,2,#N/A,0,7,3,2,0.00%,0,0,0,1,,,,,,,,,,,,,,,,,,,,,,
Bb_2_v46,T,,A,4,,S,,6,S,,1,,2D,3,3,#N/A,0,7,4,2,0.00%,0,0,0,1,,,,,,,,,,,,,,,,,,,,,,
Bb_2_s4,2,,A,4,,5,,S,,S,1,,T,2,2,#N/A,0,7,4,2,0.00%,0,0,0,1,,,,,,,,,,,,,,,,,,,,,,
Bb_aug_(4),S,,3,A,,,L,A,S,,1,,T,4,1,Eb,0,7,2,3,0.00%,1,1,0,2,,,,,,,,,,,,,,,,,,,,,,
Bb_M7_(4),S,,3,A,,5,,S,,7,1,,T,2,1,#N/A,0,7,4,2,0.00%,0,0,0,1,,,,,,,,,,,,,,,,,,,,,,
Bb_M9_(4),T,,3,A,,5,,S,,7,1,,T,2,2,#N/A,0,7,5,2,0.00%,0,0,0,1,,,,,,,,,,,,,,,,,,,,,,
Bb_M13_(4),S,,3,A,,5,,T,,7,1,,T,2,2,#N/A,0,7,5,2,0.00%,0,0,0,1,,,,,,,,,,,,,,,,,,,,,,
Bb_Ion,T,,3,A,,5,,T,,7,1,,T,2,3,#N/A,0,7,6,2,0.00%,0,0,1,1,,,,,,,,,,,,,,,,,,,,,,
Bb_M7_s2_(4),2,,A,S,,5,,S,,7,1,,T,2,2,#N/A,0,7,4,2,0.00%,0,0,0,1,,,,,,,,,,,,,,,,,,,,,,
Bb_M13_s2_(4),2,,A,S,,5,,T,,7,1,,T,2,3,#N/A,0,7,5,2,0.00%,0,0,0,1,,,,,,,,,,,,,,,,,,,,,,
Bb_M7_s4,S,,A,4,,5,,S,,7,1,,T,2,2,#N/A,0,7,4,2,0.00%,0,0,0,1,,,,,,,,,,,,,,,,,,,,,,
Bb_M9_b6_s4,T,,A,4,,S,6,,,7,1,,T,3,4,F#,0,7,5,3,0.00%,0,0,0,1,,,,,,,,,,,,,,,,,,,,,,
Bb_M9_s4,T,,A,4,,5,,S,,7,1,,T,2,3,#N/A,0,7,5,2,0.00%,0,0,0,1,,,,,,,,,,,,,,,,,,,,,,
Bb_M13_s4,S,,A,4,,5,,T,,7,1,,T,2,3,#N/A,0,7,5,2,0.00%,0,0,0,1,,,,,,,,,,,,,,,,,,,,,,
Bb_aug_M7_(4),S,,3,A,,,L,A,,7,1,,at,3,2,Eb,0,7,3,3,0.00%,0,1,0,2,,,,,,,,,,,,,,,,,,,,,,
Bb_aug_M9_(4),T,,3,A,,,L,A,,7,1,,at,3,3,Eb,0,7,4,3,0.00%,0,1,0,2,,,,,,,,,,,,,,,,,,,,,,
Bb_(7),S,,3,A,,5,,S,S,,1,,2d,3,0,#N/A,11,7,3,2,0.03%,0,0,0,1,,,,,,,,,,,,,,,,,,,,,,
Bb_2_(7),2,,3,A,,5,,S,S,,1,,2d,3,1,#N/A,3,7,4,2,0.01%,0,0,0,1,,,,,,,,,,,,,,,,,,,,,,
Bb_7,S,,3,A,,5,,S,7,,1,,2d,3,1,#N/A,20,7,4,2,0.05%,0,0,0,1,,,,,,,,,,,,,,,,,,,,,,
Bb_9,T,,3,A,,5,,S,7,,1,,2d,3,2,#N/A,7,7,5,2,0.02%,0,0,0,1,,,,,,,,,,,,,,,,,,,,,,
Bb_b9,,,3,A,,5,,S,7,,1,T,m2d,3,2,B,1,7,5,3,0.00%,0,0,0,1,,,,,,,,,,,,,,,,,,,,,,
Bb_#9,,T,3,A,,5,,S,7,,1,S,m2d,4,2,B,0,8,5,4,0.00%,1,0,0,1,,,,,,,,,,,,,,,,,,,,,,
Bb_b9_#9,,T,3,A,,5,,S,7,,1,T,m2d,4,3,B,0,8,6,4,0.00%,1,0,0,1,,,,,,,,,,,,,,,,,,,,,,
Bb_7_s2,2,,A,S,,5,,S,7,,1,,2d,3,2,#N/A,2,7,4,2,0.01%,0,0,0,1,,,,,,,,,,,,,,,,,,,,,,
Bb_9_s4,T,,A,4,,5,,S,7,,1,,2d,3,3,#N/A,4,7,5,2,0.01%,0,0,0,1,,,,,,,,,,,,,,,,,,,,,,
Bb_#11,S,,3,,T,5,,S,7,,1,,m2d,2,2,#N/A,0,7,5,2,0.00%,0,0,0,0,,,,,,,,,,,,,,,,,,,,,,
Bb_13,S,,3,A,,5,,T,7,,1,,2d,3,2,#N/A,1,7,5,2,0.00%,0,0,0,1,,,,,,,,,,,,,,,,,,,,,,
Bb_b13,S,,3,A,,5,T,,7,,1,,m2d,4,2,#N/A,0,7,5,2,0.00%,0,0,0,1,,,,,,,,,,,,,,,,,,,,,,
Bb_Mix,T,,3,A,,5,,T,7,,1,,2d,3,3,#N/A,0,7,6,2,0.00%,0,0,1,1,,,,,,,,,,,,,,,,,,,,,,
Bb_Hmp5,,,3,A,,5,T,,7,,1,T,2d,4,3,B,0,7,6,3,0.00%,0,0,1,1,,,,,,,,,,,,,,,,,,,,,,
Bb_Alt,,T,3,,T,S,T,,7,,1,T,m2d,4,5,D,0,8,7,4,0.00%,1,0,1,0,,,,,,,,,,,,,,,,,,,,,,
Bb_L7,T,,3,,T,5,,T,7,,1,,m2d,2,4,#N/A,0,7,7,2,0.00%,0,0,1,0,,,,,,,,,,,,,,,,,,,,,,
Bb_CD,,T,3,,T,5,,T,7,,1,T,m2d,3,5,#N/A,0,8,8,4,0.00%,0,0,1,0,,,,,,,,,,,,,,,,,,,,,,
Bb_WT,T,,3,,T,S,T,,7,,1,,m2d,3,4,#N/A,0,7,6,2,0.00%,1,0,1,0,,,,,,,,,,,,,,,,,,,,,,
Bb_#11_s2,2,,S,,T,5,,S,7,,1,,m2d,2,3,#N/A,0,7,5,2,0.00%,0,0,0,0,,,,,,,,,,,,,,,,,,,,,,
Bb_7_s4,S,,A,4,,5,,S,7,,1,,2d,3,2,#N/A,0,7,4,2,0.00%,0,0,0,1,,,,,,,,,,,,,,,,,,,,,,
Bb_b9_s4,,,A,4,,5,,S,7,,1,T,m2d,3,3,B,0,7,5,3,0.00%,0,0,0,1,,,,,,,,,,,,,,,,,,,,,,
Bb_#9_s4,,T,A,4,,5,,S,7,,1,S,m2d,4,3,B,0,8,5,4,0.00%,1,0,0,1,,,,,,,,,,,,,,,,,,,,,,
Bb_b9_#9_s4,,T,A,4,,5,,S,7,,1,T,m2d,4,4,B,0,8,6,4,0.00%,1,0,0,1,,,,,,,,,,,,,,,,,,,,,,
Bb_13_s4,S,,A,4,,5,,T,7,,1,,2d,3,3,#N/A,0,7,5,2,0.00%,0,0,0,1,,,,,,,,,,,,,,,,,,,,,,
Bb_b13_s4,S,,A,4,,5,T,,7,,1,,m2d,4,3,#N/A,0,7,5,2,0.00%,0,0,0,1,,,,,,,,,,,,,,,,,,,,,,
Bb_Mix_s4,T,,A,4,,5,,T,7,,1,,2d,3,4,#N/A,0,7,6,2,0.00%,0,0,1,1,,,,,,,,,,,,,,,,,,,,,,
Bb_Hmp5_s4 ,,,A,4,,5,T,,7,,1,T,m2d,4,4,B,0,7,6,3,0.00%,0,0,1,1,,,,,,,,,,,,,,,,,,,,,,
Bb_aug_7,S,,3,A,,,L,A,7,,1,,m2d,4,2,Eb,0,7,3,3,0.00%,1,1,0,2,,,,,,,,,,,,,,,,,,,,,,
Bb_aug_9,T,,3,A,,,L,A,7,,1,,m2d,4,3,Eb,0,7,4,3,0.00%,1,1,0,2,,,,,,,,,,,,,,,,,,,,,,
Bb_(11),S,,3,A,,5,,S,,S,1,,mt,2,0,#N/A,0,7,3,2,0.00%,0,0,0,1,,,,,,,,,,,,,,,,,,,,,,
Bb_2_(11),2,,3,A,,5,,S,,S,1,,mt,2,1,#N/A,1,7,4,2,0.00%,0,0,0,1,,,,,,,,,,,,,,,,,,,,,,
Bb_2_b6_s4,2,,A,4,,S,6,,,S,1,,mt,3,3,F#,0,7,4,3,0.00%,0,0,0,1,,,,,,,,,,,,,,,,,,,,,,
Bb_6_(11),S,,3,A,,5,,6,,S,1,,mt,2,1,#N/A,0,7,4,2,0.00%,0,0,0,1,,,,,,,,,,,,,,,,,,,,,,
Bb_s2_(11),2,,A,S,,5,,S,,S,1,,mt,2,1,#N/A,0,7,3,2,0.00%,0,0,0,1,,,,,,,,,,,,,,,,,,,,,,
Bb_s4,S,,A,4,,5,,S,,S,1,,mt,2,1,#N/A,0,7,3,2,0.00%,0,0,0,1,,,,,,,,,,,,,,,,,,,,,,
Bb_v46,S,,A,4,,S,,6,,S,1,,mt,2,2,#N/A,0,7,3,2,0.00%,0,0,0,1,,,,,,,,,,,,,,,,,,,,,,
Bb_2_s4,2,,A,4,,5,,S,,S,1,,mt,2,2,#N/A,0,7,4,2,0.00%,0,0,0,1,,,,,,,,,,,,,,,,,,,,,,
Bb_aug_(11),S,,3,A,,,L,A,,S,1,,mt,3,1,Eb,0,7,2,3,0.00%,0,1,0,2,,,,,,,,,,,,,,,,,,,,,,
Bb_M7_(11),S,,3,A,,5,,S,,7,1,,mt,2,1,#N/A,0,7,4,2,0.00%,0,0,0,1,,,,,,,,,,,,,,,,,,,,,,
Bb_M9_(11),T,,3,A,,5,,S,,7,1,,mt,2,2,#N/A,0,7,5,2,0.00%,0,0,0,1,,,,,,,,,,,,,,,,,,,,,,
Bb_M11,S,,3,,T,5,,S,,7,1,,mt,1,2,#N/A,0,7,5,2,0.00%,0,0,0,0,,,,,,,,,,,,,,,,,,,,,,
Bb_M13_(11),S,,3,A,,5,,T,,7,1,,mt,2,2,#N/A,0,7,5,2,0.00%,0,0,0,1,,,,,,,,,,,,,,,,,,,,,,
Bb_Ion,T,,3,A,,5,,T,,7,1,,mt,2,3,#N/A,0,7,6,2,0.00%,0,0,1,1,,,,,,,,,,,,,,,,,,,,,,
Bb_M7_s2_(11),2,,A,S,,5,,S,,7,1,,mt,2,2,#N/A,0,7,4,2,0.00%,0,0,0,1,,,,,,,,,,,,,,,,,,,,,,
Bb_M11_s2,2,,A,,T,5,,S,,7,1,,mt,1,3,#N/A,0,7,5,2,0.00%,0,0,0,1,,,,,,,,,,,,,,,,,,,,,,
Bb_M13_s2_(11),2,,A,S,,5,,T,,7,1,,mt,2,3,#N/A,0,7,5,2,0.00%,0,0,0,1,,,,,,,,,,,,,,,,,,,,,,
Bb_M7_s4,S,,A,4,,5,,S,,7,1,,mt,2,2,#N/A,0,7,4,2,0.00%,0,0,0,1,,,,,,,,,,,,,,,,,,,,,,
Bb_M9_s4,T,,A,4,,5,,S,,7,1,,mt,2,3,#N/A,0,7,5,2,0.00%,0,0,0,1,,,,,,,,,,,,,,,,,,,,,,
Bb_M13_s4,S,,A,4,,5,,T,,7,1,,mt,2,3,#N/A,0,7,5,2,0.00%,0,0,0,1,,,,,,,,,,,,,,,,,,,,,,
Bb_aug_M7_(11),S,,3,A,,,L,A,,7,1,,mt,3,2,Eb,0,7,3,3,0.00%,0,1,0,2,,,,,,,,,,,,,,,,,,,,,,
Bb_aug_M9_(11),T,,3,A,,,L,A,,7,1,,mt,3,3,Eb,0,7,4,3,0.00%,0,1,0,2,,,,,,,,,,,,,,,,,,,,,,
Bb_Gr,S,,3,,S,5,,,L,A,1,,26,2,1,F,4,7,3,3,0.01%,1,0,0,1,,,,,,,,,,,,,,,,,,,,,,
Bb_Gr_9,T,,3,,S,5,,,L,A,1,,26,2,2,F,4,7,4,3,0.01%,1,0,0,1,,,,,,,,,,,,,,,,,,,,,,
Bb_Gr_#11,S,,3,,T,5,,,L,A,1,,26,2,2,F,0,7,4,3,0.00%,1,0,0,1,,,,,,,,,,,,,,,,,,,,,,
Bb_Gr_13,S,,3,,T,5,,T,L,,1,,26,2,3,#N/A,0,7,5,2,0.00%,0,0,0,0,,,,,,,,,,,,,,,,,,,,,,
Bb_Fr,S,,3,,5,S,,,L,A,1,,26,2,1,F,1,7,3,3,0.00%,1,0,0,1,,,,,,,,,,,,,,,,,,,,,,
Bb_Fr_9,T,,3,,5,S,,,L,A,1,,26,2,2,F,5,7,4,3,0.01%,1,0,0,1,,,,,,,,,,,,,,,,,,,,,,
Bb_Gr_s2,2,,S,,S,5,,,L,A,1,,26,2,2,F,1,7,3,3,0.00%,1,0,0,1,,,,,,,,,,,,,,,,,,,,,,
Bbm,S,3,,S,,5,,A,S,,1,,sp,4,0,#N/A,0,7,3,2,0.00%,0,0,0,1,,,,,,,,,,,,,,,,,,,,,,
Bbm_2,2,3,,S,,5,,A,S,,1,,sp,4,1,#N/A,0,7,4,2,0.00%,0,0,0,1,,,,,,,,,,,,,,,,,,,,,,
Bbm_4,S,3,,4,,5,,A,S,,1,,sp,4,1,#N/A,0,7,4,2,0.00%,0,0,0,1,,,,,,,,,,,,,,,,,,,,,,
Bbm_s2,2,S,,S,,5,,A,S,,1,,sp,4,1,#N/A,0,7,3,2,0.00%,0,0,0,1,,,,,,,,,,,,,,,,,,,,,,
Bbm_s4,S,S,,4,,5,,A,S,,1,,sp,4,1,#N/A,0,7,3,2,0.00%,0,0,0,1,,,,,,,,,,,,,,,,,,,,,,
Bbm_2_s4,T,S,,4,,5,,A,S,,1,,sp,4,2,#N/A,0,7,4,2,0.00%,0,0,0,1,,,,,,,,,,,,,,,,,,,,,,
Bbm_aug,S,3,,S,,,L,A,S,,1,,asp,5,1,#N/A,0,7,2,3,0.00%,1,1,0,1,,,,,,,,,,,,,,,,,,,,,,
Bbm_M7,S,3,,S,,5,,S,,7,1,,msp,3,1,#N/A,0,7,4,2,0.00%,0,0,0,0,,,,,,,,,,,,,,,,,,,,,,
Bbm_7,S,3,,S,,5,,A,7,,1,,sp,4,1,#N/A,0,7,4,2,0.00%,0,0,0,1,,,,,,,,,,,,,,,,,,,,,,
Bbm_9,T,3,,S,,5,,A,7,,1,,sp,4,2,#N/A,0,7,5,2,0.00%,0,0,0,1,,,,,,,,,,,,,,,,,,,,,,
Bbm_11,S,3,,T,,5,,A,7,,1,,sp,4,2,#N/A,0,7,5,2,0.00%,0,0,0,1,,,,,,,,,,,,,,,,,,,,,,
Bbm_13,S,3,,S,,5,,T,7,,1,,sp,4,2,#N/A,0,7,5,2,0.00%,0,0,0,0,,,,,,,,,,,,,,,,,,,,,,
Bbm_7_s2,T,2,,S,,5,,A,7,,1,,sp,4,3,#N/A,0,7,5,2,0.00%,0,0,0,1,,,,,,,,,,,,,,,,,,,,,,
Bbm_11_s2,T,2,,T,,5,,A,7,,1,,sp,4,4,#N/A,0,7,6,2,0.00%,0,0,0,1,,,,,,,,,,,,,,,,,,,,,,
Bbm_7_s4,S,S,,4,,5,,A,7,,1,,sp,4,2,#N/A,0,7,4,2,0.00%,0,0,0,1,,,,,,,,,,,,,,,,,,,,,,
Bbm_9_s4,T,S,,4,,5,,A,7,,1,,sp,4,3,#N/A,0,7,5,2,0.00%,0,0,0,1,,,,,,,,,,,,,,,,,,,,,,
Bbm_aug_7,S,3,,S,,,L,A,7,,1,,asp,5,2,#N/A,0,7,3,3,0.00%,1,1,0,1,,,,,,,,,,,,,,,,,,,,,,
Bbm_aug_9,T,3,,S,,,L,A,7,,1,,asp,5,3,#N/A,0,7,4,3,0.00%,1,1,0,1,,,,,,,,,,,,,,,,,,,,,,
Bbm_aug_11,S,3,,T,,,L,A,7,,1,,asp,5,3,#N/A,0,7,4,3,0.00%,1,1,0,1,,,,,,,,,,,,,,,,,,,,,,
B,S,,,3,A,,5,S,,S,,1,2d,2,0,C,24,7,3,3,0.06%,0,0,0,1,,,,,,,,,,,,,,,,,,,,,,
B_7,S,,,3,A,,5,S,,7,,1,2d,2,1,C,63,7,4,3,0.16%,0,0,0,1,,,,,,,,,,,,,,,,,,,,,,
B_9,,T,,3,A,,5,S,,7,,1,m2d,3,2,#N/A,1,7,5,2,0.00%,0,0,0,1,,,,,,,,,,,,,,,,,,,,,,
B_b9,T,,,3,A,,5,S,,7,,1,2d,2,2,C,7,7,5,3,0.02%,0,0,0,1,,,,,,,,,,,,,,,,,,,,,,
B_#9,S,,T,3,A,,5,S,,7,,1,m2d,2,2,Eb,0,8,5,4,0.00%,1,0,0,1,,,,,,,,,,,,,,,,,,,,,,
B_b9_#9,T,,T,3,A,,5,S,,7,,1,2d,2,3,Eb,0,8,6,4,0.00%,1,0,0,1,,,,,,,,,,,,,,,,,,,,,,
B_#11,S,,,3,,T,5,S,,7,,1,m2d,2,2,#N/A,1,7,5,3,0.00%,1,0,0,0,,,,,,,,,,,,,,,,,,,,,,
B_13,S,,,3,A,,5,,T,7,,1,m2d,3,2,C,0,7,5,3,0.00%,0,0,0,1,,,,,,,,,,,,,,,,,,,,,,
B_b13,S,,,3,A,,5,T,,7,,1,2d,2,2,C,2,7,5,3,0.01%,0,0,0,1,,,,,,,,,,,,,,,,,,,,,,
B_7_b5,S,,S,3,,T,,S,,7,,1,,1,2,#N/A,0,7,4,2,0.00%,0,0,0,0,,,,,,,,,,,,,,,,,,,,,,
B_b9_b5,T,,S,3,,T,,S,,7,,1,,1,3,#N/A,0,7,5,2,0.00%,0,0,0,0,,,,,,,,,,,,,,,,,,,,,,
B_Mix,,T,,3,A,,5,,T,7,,1,m2d,4,3,#N/A,0,7,6,2,0.00%,0,0,1,1,,,,,,,,,,,,,,,,,,,,,,
B_Hmp5,T,,,3,A,,5,T,,7,,1,2d,2,3,C,0,7,6,3,0.00%,0,0,1,1,,,,,,,,,,,,,,,,,,,,,,
B_Alt,T,,T,3,,T,S,T,,7,,1,m2d,2,5,Eb,0,8,7,4,0.00%,1,0,1,0,,,,,,,,,,,,,,,,,,,,,,
B_L7,,T,,3,,T,5,,T,7,,1,m2d,4,4,#N/A,0,7,7,2,0.00%,0,0,1,0,,,,,,,,,,,,,,,,,,,,,,
B_CD,T,,T,3,,T,5,,T,7,,1,m2d,3,5,#N/A,0,8,8,4,0.00%,0,0,1,0,,,,,,,,,,,,,,,,,,,,,,
B_WT,,T,,3,,T,S,T,,7,,1,m2d,3,4,#N/A,0,7,6,2,0.00%,1,0,1,0,,,,,,,,,,,,,,,,,,,,,,
B_7_s4,S,,,A,4,,5,S,,7,,1,2d,2,2,C,0,7,4,3,0.00%,0,0,0,1,,,,,,,,,,,,,,,,,,,,,,
B_9_s4,,T,,A,4,,5,S,,7,,1,m2d,3,3,#N/A,0,7,5,2,0.00%,0,0,0,1,,,,,,,,,,,,,,,,,,,,,,
B_b9_s4,T,,,A,4,,5,S,,7,,1,2d,2,3,C,0,7,5,3,0.00%,0,0,0,1,,,,,,,,,,,,,,,,,,,,,,
B_#9_s4,S,,T,A,4,,5,S,,7,,1,m2d,2,3,Eb,0,8,5,4,0.00%,1,0,0,1,,,,,,,,,,,,,,,,,,,,,,
B_b9_#9_s4,T,,T,A,4,,5,S,,7,,1,2d,2,4,Eb,0,8,6,4,0.00%,1,0,0,1,,,,,,,,,,,,,,,,,,,,,,
B_13_s4,S,,,A,4,,5,,T,7,,1,m2d,3,3,C,0,7,5,3,0.00%,0,0,0,1,,,,,,,,,,,,,,,,,,,,,,
B_b13_s4,S,,,A,4,,5,T,,7,,1,2d,2,3,C,0,7,5,3,0.00%,0,0,0,1,,,,,,,,,,,,,,,,,,,,,,
B_Mix_s4,,T,,A,4,,5,,T,7,,1,m2d,4,4,#N/A,0,7,6,2,0.00%,0,0,1,1,,,,,,,,,,,,,,,,,,,,,,
B_Hmp5_s4 ,T,,,A,4,,5,T,,7,,1,2d,2,4,C,0,7,6,3,0.00%,0,0,1,1,,,,,,,,,,,,,,,,,,,,,,
B_sb6,,S,,A,4,,S,6,,S,,1,3d,3,2,#N/A,2,7,3,2,0.01%,0,0,0,1,,,,,,,,,,,,,,,,,,,,,,
B_aug_7,,S,,3,A,,,L,A,7,,1,2ad,3,2,E,1,7,3,3,0.00%,1,1,0,2,,,,,,,,,,,,,,,,,,,,,,
B_aug_9,,T,,3,A,,,L,A,7,,1,2ad,3,3,E,0,7,4,3,0.00%,1,1,0,2,,,,,,,,,,,,,,,,,,,,,,
Bhdim,A,,3,,S,5,,S,,7,,1,l,0,1,#N/A,143,7,4,2,0.37%,0,0,0,1,,,,,,,,,,,,,,,,,,,,,,
Bhdim_s4,A,,S,,4,5,,S,,7,,1,l,0,2,#N/A,2,7,4,2,0.01%,0,0,0,1,,,,,,,,,,,,,,,,,,,,,,
Bhdim_(6),S,,3,,S,5,,,A,7,,1,2s,1,1,F,86,7,4,3,0.22%,0,0,0,1,,,,,,,,,,,,,,,,,,,,,,
Bm_b9_b5,T,,3,,S,5,,,A,7,,1,l,1,2,F,1,7,5,3,0.00%,0,0,0,1,,,,,,,,,,,,,,,,,,,,,,
Bdim,A,,3,S,,5,,S,7,,,1,m2s,2,1,Ab,4,7,4,3,0.01%,0,0,0,1,,,,,,,,,,,,,,,,,,,,,,
Bm,,S,3,,S,,5,,A,S,,1,m2s,3,0,#N/A,6,7,3,2,0.02%,0,0,0,1,,,,,,,,,,,,,,,,,,,,,,
Bm_2,,2,3,,S,,5,,A,S,,1,m2s,3,1,#N/A,0,7,4,2,0.00%,0,0,0,1,,,,,,,,,,,,,,,,,,,,,,
Bm_4,,S,3,,4,,5,,A,S,,1,m2s,3,1,#N/A,0,7,4,2,0.00%,0,0,0,1,,,,,,,,,,,,,,,,,,,,,,
Bm_s2,,T,2,,S,,5,,A,S,,1,m2s,3,2,#N/A,0,7,4,2,0.00%,0,0,0,1,,,,,,,,,,,,,,,,,,,,,,
Bm_s4,,S,S,,4,,5,,A,S,,1,m2s,3,1,#N/A,1,7,3,2,0.00%,0,0,0,1,,,,,,,,,,,,,,,,,,,,,,
Bm_M7,,S,3,,S,,5,,S,,7,1,m2s,4,1,#N/A,4,7,4,2,0.01%,0,0,0,0,,,,,,,,,,,,,,,,,,,,,,
Bm_7,,S,3,,S,,5,,A,7,,1,m2s,3,1,#N/A,45,7,4,2,0.12%,0,0,0,1,,,,,,,,,,,,,,,,,,,,,,
Bm_9,,T,3,,S,,5,,A,7,,1,m2s,3,2,#N/A,0,7,5,2,0.00%,0,0,0,1,,,,,,,,,,,,,,,,,,,,,,
Bm_11,,S,3,,T,,5,,A,7,,1,m2s,3,2,#N/A,2,7,5,2,0.01%,0,0,0,1,,,,,,,,,,,,,,,,,,,,,,
Bm_13,,S,3,,T,,5,,T,7,,1,m2s,3,3,#N/A,0,7,6,2,0.00%,0,0,0,0,,,,,,,,,,,,,,,,,,,,,,
Bm_7_s2,,T,2,,S,,5,,A,7,,1,m2s,3,3,#N/A,0,7,5,2,0.00%,0,0,0,1,,,,,,,,,,,,,,,,,,,,,,
Bm_11_s2,,T,2,,T,,5,,A,7,,1,m2s,3,4,#N/A,0,7,6,2,0.00%,0,0,0,1,,,,,,,,,,,,,,,,,,,,,,
Bm_7_s4,,S,S,,4,,5,,A,7,,1,m2s,3,2,#N/A,0,7,4,2,0.00%,0,0,0,1,,,,,,,,,,,,,,,,,,,,,,
Bm_9_s4,,T,S,,4,,5,,A,7,,1,m2s,3,3,#N/A,0,7,5,2,0.00%,0,0,0,1,,,,,,,,,,,,,,,,,,,,,,
Bm_6,,S,3,,S,,5,,6,A,,1,m2s,3,1,#N/A,0,7,4,2,0.00%,0,0,0,1,,,,,,,,,,,,,,,,,,,,,,
Bm_dor,,T,3,,T,,5,,A,7,,1,m2s,3,3,#N/A,1,7,6,2,0.00%,0,0,0,1,,,,,,,,,,,,,,,,,,,,,,
